ImageId,Label,ClassName
1,9,Ankle boot
2,2,Pullover
3,1,Trouser
4,1,Trouser
5,6,Shirt
6,1,Trouser
7,4,Coat
8,6,Shirt
9,5,Sandal
10,7,Sneaker
11,4,Coat
12,5,Sandal
13,7,Sneaker
14,3,Dress
15,4,Coat
16,1,Trouser
17,2,Pullover
18,2,Pullover
19,8,Bag
20,0,T-shirt/top
21,2,Pullover
22,5,Sandal
23,7,Sneaker
24,7,Sneaker
25,1,Trouser
26,2,Pullover
27,6,Shirt
28,0,T-shirt/top
29,9,Ankle boot
30,3,Dress
31,8,Bag
32,8,Bag
33,3,Dress
34,3,Dress
35,8,Bag
36,0,T-shirt/top
37,7,Sneaker
38,5,Sandal
39,7,Sneaker
40,9,Ankle boot
41,0,T-shirt/top
42,1,Trouser
43,6,Shirt
44,7,Sneaker
45,6,Shirt
46,7,Sneaker
47,2,Pullover
48,1,Trouser
49,2,Pullover
50,6,Shirt
51,4,Coat
52,2,Pullover
53,5,Sandal
54,6,Shirt
55,2,Pullover
56,2,Pullover
57,8,Bag
58,4,Coat
59,8,Bag
60,0,T-shirt/top
61,7,Sneaker
62,7,Sneaker
63,8,Bag
64,5,Sandal
65,1,Trouser
66,1,Trouser
67,3,Dress
68,4,Coat
69,7,Sneaker
70,8,Bag
71,7,Sneaker
72,0,T-shirt/top
73,2,Pullover
74,6,Shirt
75,2,Pullover
76,3,Dress
77,1,Trouser
78,2,Pullover
79,8,Bag
80,4,Coat
81,1,Trouser
82,8,Bag
83,5,Sandal
84,9,Ankle boot
85,5,Sandal
86,0,T-shirt/top
87,3,Dress
88,2,Pullover
89,0,T-shirt/top
90,2,Pullover
91,5,Sandal
92,3,Dress
93,6,Shirt
94,7,Sneaker
95,1,Trouser
96,8,Bag
97,0,T-shirt/top
98,1,Trouser
99,4,Coat
100,2,Pullover
101,3,Dress
102,6,Shirt
103,7,Sneaker
104,6,Shirt
105,7,Sneaker
106,8,Bag
107,5,Sandal
108,7,Sneaker
109,9,Ankle boot
110,4,Coat
111,2,Pullover
112,5,Sandal
113,7,Sneaker
114,0,T-shirt/top
115,5,Sandal
116,2,Pullover
117,8,Bag
118,6,Shirt
119,7,Sneaker
120,8,Bag
121,0,T-shirt/top
122,0,T-shirt/top
123,9,Ankle boot
124,9,Ankle boot
125,3,Dress
126,0,T-shirt/top
127,8,Bag
128,2,Pullover
129,1,Trouser
130,5,Sandal
131,4,Coat
132,1,Trouser
133,9,Ankle boot
134,1,Trouser
135,8,Bag
136,4,Coat
137,2,Pullover
138,1,Trouser
139,2,Pullover
140,5,Sandal
141,1,Trouser
142,6,Shirt
143,0,T-shirt/top
144,0,T-shirt/top
145,1,Trouser
146,6,Shirt
147,1,Trouser
148,3,Dress
149,2,Pullover
150,2,Pullover
151,3,Dress
152,2,Pullover
153,1,Trouser
154,3,Dress
155,5,Sandal
156,0,T-shirt/top
157,4,Coat
158,7,Sneaker
159,9,Ankle boot
160,3,Dress
161,7,Sneaker
162,2,Pullover
163,3,Dress
164,9,Ankle boot
165,0,T-shirt/top
166,9,Ankle boot
167,4,Coat
168,7,Sneaker
169,4,Coat
170,2,Pullover
171,0,T-shirt/top
172,5,Sandal
173,2,Pullover
174,1,Trouser
175,2,Pullover
176,1,Trouser
177,3,Dress
178,0,T-shirt/top
179,9,Ankle boot
180,1,Trouser
181,0,T-shirt/top
182,9,Ankle boot
183,3,Dress
184,8,Bag
185,7,Sneaker
186,9,Ankle boot
187,9,Ankle boot
188,4,Coat
189,4,Coat
190,7,Sneaker
191,1,Trouser
192,2,Pullover
193,1,Trouser
194,6,Shirt
195,3,Dress
196,2,Pullover
197,8,Bag
198,3,Dress
199,6,Shirt
200,1,Trouser
201,1,Trouser
202,0,T-shirt/top
203,2,Pullover
204,9,Ankle boot
205,2,Pullover
206,4,Coat
207,0,T-shirt/top
208,7,Sneaker
209,9,Ankle boot
210,8,Bag
211,4,Coat
212,1,Trouser
213,8,Bag
214,4,Coat
215,1,Trouser
216,3,Dress
217,1,Trouser
218,6,Shirt
219,7,Sneaker
220,2,Pullover
221,8,Bag
222,5,Sandal
223,3,Dress
224,0,T-shirt/top
225,7,Sneaker
226,7,Sneaker
227,6,Shirt
228,2,Pullover
229,7,Sneaker
230,6,Shirt
231,7,Sneaker
232,8,Bag
233,9,Ankle boot
234,2,Pullover
235,9,Ankle boot
236,0,T-shirt/top
237,5,Sandal
238,1,Trouser
239,4,Coat
240,2,Pullover
241,5,Sandal
242,4,Coat
243,9,Ankle boot
244,2,Pullover
245,2,Pullover
246,8,Bag
247,6,Shirt
248,4,Coat
249,6,Shirt
250,4,Coat
251,9,Ankle boot
252,7,Sneaker
253,6,Shirt
254,5,Sandal
255,5,Sandal
256,4,Coat
257,8,Bag
258,5,Sandal
259,2,Pullover
260,3,Dress
261,0,T-shirt/top
262,4,Coat
263,8,Bag
264,0,T-shirt/top
265,0,T-shirt/top
266,6,Shirt
267,3,Dress
268,8,Bag
269,9,Ankle boot
270,6,Shirt
271,1,Trouser
272,6,Shirt
273,0,T-shirt/top
274,2,Pullover
275,3,Dress
276,0,T-shirt/top
277,8,Bag
278,3,Dress
279,7,Sneaker
280,4,Coat
281,0,T-shirt/top
282,1,Trouser
283,2,Pullover
284,1,Trouser
285,0,T-shirt/top
286,4,Coat
287,0,T-shirt/top
288,7,Sneaker
289,5,Sandal
290,3,Dress
291,5,Sandal
292,9,Ankle boot
293,5,Sandal
294,6,Shirt
295,5,Sandal
296,5,Sandal
297,1,Trouser
298,9,Ankle boot
299,8,Bag
300,3,Dress
301,3,Dress
302,3,Dress
303,6,Shirt
304,8,Bag
305,0,T-shirt/top
306,0,T-shirt/top
307,2,Pullover
308,9,Ankle boot
309,7,Sneaker
310,7,Sneaker
311,1,Trouser
312,3,Dress
313,6,Shirt
314,4,Coat
315,2,Pullover
316,4,Coat
317,7,Sneaker
318,1,Trouser
319,6,Shirt
320,4,Coat
321,5,Sandal
322,2,Pullover
323,6,Shirt
324,5,Sandal
325,6,Shirt
326,2,Pullover
327,7,Sneaker
328,7,Sneaker
329,7,Sneaker
330,3,Dress
331,3,Dress
332,7,Sneaker
333,0,T-shirt/top
334,7,Sneaker
335,1,Trouser
336,3,Dress
337,7,Sneaker
338,6,Shirt
339,2,Pullover
340,3,Dress
341,4,Coat
342,0,T-shirt/top
343,3,Dress
344,1,Trouser
345,0,T-shirt/top
346,1,Trouser
347,9,Ankle boot
348,4,Coat
349,9,Ankle boot
350,9,Ankle boot
351,1,Trouser
352,7,Sneaker
353,8,Bag
354,3,Dress
355,6,Shirt
356,0,T-shirt/top
357,2,Pullover
358,4,Coat
359,8,Bag
360,6,Shirt
361,1,Trouser
362,6,Shirt
363,2,Pullover
364,4,Coat
365,4,Coat
366,7,Sneaker
367,3,Dress
368,4,Coat
369,2,Pullover
370,5,Sandal
371,0,T-shirt/top
372,7,Sneaker
373,9,Ankle boot
374,4,Coat
375,0,T-shirt/top
376,9,Ankle boot
377,3,Dress
378,9,Ankle boot
379,3,Dress
380,2,Pullover
381,5,Sandal
382,6,Shirt
383,0,T-shirt/top
384,3,Dress
385,5,Sandal
386,8,Bag
387,1,Trouser
388,6,Shirt
389,2,Pullover
390,2,Pullover
391,6,Shirt
392,4,Coat
393,9,Ankle boot
394,5,Sandal
395,2,Pullover
396,0,T-shirt/top
397,6,Shirt
398,6,Shirt
399,1,Trouser
400,2,Pullover
401,0,T-shirt/top
402,9,Ankle boot
403,7,Sneaker
404,0,T-shirt/top
405,3,Dress
406,4,Coat
407,2,Pullover
408,6,Shirt
409,2,Pullover
410,3,Dress
411,0,T-shirt/top
412,6,Shirt
413,7,Sneaker
414,2,Pullover
415,9,Ankle boot
416,4,Coat
417,2,Pullover
418,1,Trouser
419,5,Sandal
420,4,Coat
421,5,Sandal
422,3,Dress
423,8,Bag
424,5,Sandal
425,8,Bag
426,4,Coat
427,4,Coat
428,8,Bag
429,9,Ankle boot
430,8,Bag
431,6,Shirt
432,2,Pullover
433,4,Coat
434,4,Coat
435,2,Pullover
436,4,Coat
437,1,Trouser
438,6,Shirt
439,1,Trouser
440,3,Dress
441,0,T-shirt/top
442,7,Sneaker
443,8,Bag
444,8,Bag
445,4,Coat
446,5,Sandal
447,3,Dress
448,1,Trouser
449,9,Ankle boot
450,5,Sandal
451,3,Dress
452,3,Dress
453,6,Shirt
454,1,Trouser
455,2,Pullover
456,2,Pullover
457,9,Ankle boot
458,4,Coat
459,0,T-shirt/top
460,6,Shirt
461,1,Trouser
462,4,Coat
463,2,Pullover
464,0,T-shirt/top
465,0,T-shirt/top
466,3,Dress
467,3,Dress
468,8,Bag
469,2,Pullover
470,8,Bag
471,9,Ankle boot
472,4,Coat
473,0,T-shirt/top
474,7,Sneaker
475,0,T-shirt/top
476,4,Coat
477,6,Shirt
478,9,Ankle boot
479,2,Pullover
480,9,Ankle boot
481,5,Sandal
482,9,Ankle boot
483,3,Dress
484,7,Sneaker
485,5,Sandal
486,7,Sneaker
487,8,Bag
488,1,Trouser
489,0,T-shirt/top
490,0,T-shirt/top
491,6,Shirt
492,4,Coat
493,8,Bag
494,9,Ankle boot
495,7,Sneaker
496,9,Ankle boot
497,1,Trouser
498,2,Pullover
499,7,Sneaker
500,0,T-shirt/top
501,2,Pullover
502,0,T-shirt/top
503,5,Sandal
504,7,Sneaker
505,1,Trouser
506,8,Bag
507,1,Trouser
508,2,Pullover
509,2,Pullover
510,2,Pullover
511,4,Coat
512,4,Coat
513,0,T-shirt/top
514,1,Trouser
515,9,Ankle boot
516,8,Bag
517,5,Sandal
518,1,Trouser
519,9,Ankle boot
520,1,Trouser
521,2,Pullover
522,8,Bag
523,3,Dress
524,8,Bag
525,9,Ankle boot
526,2,Pullover
527,4,Coat
528,6,Shirt
529,8,Bag
530,6,Shirt
531,2,Pullover
532,5,Sandal
533,5,Sandal
534,8,Bag
535,8,Bag
536,5,Sandal
537,3,Dress
538,9,Ankle boot
539,4,Coat
540,3,Dress
541,4,Coat
542,2,Pullover
543,5,Sandal
544,1,Trouser
545,0,T-shirt/top
546,1,Trouser
547,2,Pullover
548,0,T-shirt/top
549,4,Coat
550,9,Ankle boot
551,6,Shirt
552,1,Trouser
553,5,Sandal
554,1,Trouser
555,1,Trouser
556,1,Trouser
557,9,Ankle boot
558,3,Dress
559,2,Pullover
560,5,Sandal
561,3,Dress
562,6,Shirt
563,2,Pullover
564,0,T-shirt/top
565,4,Coat
566,0,T-shirt/top
567,0,T-shirt/top
568,5,Sandal
569,8,Bag
570,0,T-shirt/top
571,3,Dress
572,4,Coat
573,0,T-shirt/top
574,7,Sneaker
575,7,Sneaker
576,8,Bag
577,9,Ankle boot
578,3,Dress
579,6,Shirt
580,8,Bag
581,7,Sneaker
582,6,Shirt
583,7,Sneaker
584,9,Ankle boot
585,3,Dress
586,4,Coat
587,0,T-shirt/top
588,6,Shirt
589,5,Sandal
590,3,Dress
591,1,Trouser
592,1,Trouser
593,5,Sandal
594,9,Ankle boot
595,4,Coat
596,2,Pullover
597,5,Sandal
598,7,Sneaker
599,8,Bag
600,1,Trouser
601,2,Pullover
602,9,Ankle boot
603,7,Sneaker
604,7,Sneaker
605,1,Trouser
606,0,T-shirt/top
607,9,Ankle boot
608,3,Dress
609,2,Pullover
610,9,Ankle boot
611,0,T-shirt/top
612,7,Sneaker
613,6,Shirt
614,8,Bag
615,2,Pullover
616,7,Sneaker
617,3,Dress
618,2,Pullover
619,3,Dress
620,8,Bag
621,2,Pullover
622,2,Pullover
623,0,T-shirt/top
624,9,Ankle boot
625,3,Dress
626,0,T-shirt/top
627,7,Sneaker
628,8,Bag
629,6,Shirt
630,2,Pullover
631,9,Ankle boot
632,4,Coat
633,2,Pullover
634,6,Shirt
635,2,Pullover
636,6,Shirt
637,0,T-shirt/top
638,4,Coat
639,4,Coat
640,2,Pullover
641,7,Sneaker
642,5,Sandal
643,8,Bag
644,4,Coat
645,9,Ankle boot
646,1,Trouser
647,0,T-shirt/top
648,5,Sandal
649,4,Coat
650,4,Coat
651,4,Coat
652,0,T-shirt/top
653,0,T-shirt/top
654,4,Coat
655,5,Sandal
656,6,Shirt
657,0,T-shirt/top
658,4,Coat
659,5,Sandal
660,4,Coat
661,1,Trouser
662,1,Trouser
663,1,Trouser
664,3,Dress
665,2,Pullover
666,4,Coat
667,3,Dress
668,8,Bag
669,2,Pullover
670,0,T-shirt/top
671,6,Shirt
672,5,Sandal
673,0,T-shirt/top
674,4,Coat
675,0,T-shirt/top
676,8,Bag
677,5,Sandal
678,0,T-shirt/top
679,8,Bag
680,2,Pullover
681,9,Ankle boot
682,0,T-shirt/top
683,8,Bag
684,9,Ankle boot
685,6,Shirt
686,3,Dress
687,2,Pullover
688,9,Ankle boot
689,2,Pullover
690,2,Pullover
691,5,Sandal
692,0,T-shirt/top
693,9,Ankle boot
694,5,Sandal
695,3,Dress
696,6,Shirt
697,6,Shirt
698,6,Shirt
699,3,Dress
700,3,Dress
701,8,Bag
702,3,Dress
703,4,Coat
704,0,T-shirt/top
705,9,Ankle boot
706,7,Sneaker
707,9,Ankle boot
708,4,Coat
709,8,Bag
710,9,Ankle boot
711,1,Trouser
712,3,Dress
713,7,Sneaker
714,3,Dress
715,0,T-shirt/top
716,2,Pullover
717,6,Shirt
718,7,Sneaker
719,1,Trouser
720,0,T-shirt/top
721,0,T-shirt/top
722,8,Bag
723,7,Sneaker
724,2,Pullover
725,6,Shirt
726,4,Coat
727,6,Shirt
728,4,Coat
729,1,Trouser
730,5,Sandal
731,9,Ankle boot
732,0,T-shirt/top
733,0,T-shirt/top
734,1,Trouser
735,6,Shirt
736,5,Sandal
737,0,T-shirt/top
738,0,T-shirt/top
739,3,Dress
740,3,Dress
741,3,Dress
742,8,Bag
743,1,Trouser
744,1,Trouser
745,8,Bag
746,5,Sandal
747,7,Sneaker
748,7,Sneaker
749,8,Bag
750,7,Sneaker
751,2,Pullover
752,0,T-shirt/top
753,7,Sneaker
754,6,Shirt
755,8,Bag
756,0,T-shirt/top
757,9,Ankle boot
758,7,Sneaker
759,6,Shirt
760,1,Trouser
761,3,Dress
762,6,Shirt
763,4,Coat
764,8,Bag
765,0,T-shirt/top
766,6,Shirt
767,3,Dress
768,6,Shirt
769,8,Bag
770,4,Coat
771,0,T-shirt/top
772,8,Bag
773,9,Ankle boot
774,2,Pullover
775,4,Coat
776,5,Sandal
777,9,Ankle boot
778,1,Trouser
779,4,Coat
780,4,Coat
781,9,Ankle boot
782,2,Pullover
783,1,Trouser
784,7,Sneaker
785,9,Ankle boot
786,5,Sandal
787,8,Bag
788,3,Dress
789,7,Sneaker
790,7,Sneaker
791,1,Trouser
792,1,Trouser
793,1,Trouser
794,6,Shirt
795,9,Ankle boot
796,5,Sandal
797,3,Dress
798,8,Bag
799,4,Coat
800,2,Pullover
801,9,Ankle boot
802,2,Pullover
803,8,Bag
804,3,Dress
805,2,Pullover
806,2,Pullover
807,4,Coat
808,7,Sneaker
809,1,Trouser
810,4,Coat
811,9,Ankle boot
812,3,Dress
813,5,Sandal
814,8,Bag
815,5,Sandal
816,4,Coat
817,7,Sneaker
818,2,Pullover
819,8,Bag
820,5,Sandal
821,9,Ankle boot
822,3,Dress
823,3,Dress
824,2,Pullover
825,7,Sneaker
826,1,Trouser
827,7,Sneaker
828,3,Dress
829,5,Sandal
830,4,Coat
831,4,Coat
832,5,Sandal
833,8,Bag
834,3,Dress
835,7,Sneaker
836,1,Trouser
837,2,Pullover
838,6,Shirt
839,1,Trouser
840,9,Ankle boot
841,8,Bag
842,4,Coat
843,7,Sneaker
844,1,Trouser
845,3,Dress
846,7,Sneaker
847,5,Sandal
848,9,Ankle boot
849,9,Ankle boot
850,1,Trouser
851,8,Bag
852,4,Coat
853,7,Sneaker
854,7,Sneaker
855,1,Trouser
856,9,Ankle boot
857,8,Bag
858,1,Trouser
859,3,Dress
860,0,T-shirt/top
861,2,Pullover
862,1,Trouser
863,7,Sneaker
864,1,Trouser
865,1,Trouser
866,5,Sandal
867,7,Sneaker
868,1,Trouser
869,5,Sandal
870,2,Pullover
871,6,Shirt
872,3,Dress
873,3,Dress
874,1,Trouser
875,1,Trouser
876,4,Coat
877,9,Ankle boot
878,4,Coat
879,3,Dress
880,7,Sneaker
881,7,Sneaker
882,0,T-shirt/top
883,8,Bag
884,9,Ankle boot
885,9,Ankle boot
886,6,Shirt
887,1,Trouser
888,1,Trouser
889,4,Coat
890,0,T-shirt/top
891,3,Dress
892,5,Sandal
893,9,Ankle boot
894,2,Pullover
895,0,T-shirt/top
896,5,Sandal
897,5,Sandal
898,1,Trouser
899,5,Sandal
900,7,Sneaker
901,8,Bag
902,7,Sneaker
903,7,Sneaker
904,3,Dress
905,6,Shirt
906,2,Pullover
907,0,T-shirt/top
908,4,Coat
909,0,T-shirt/top
910,6,Shirt
911,0,T-shirt/top
912,2,Pullover
913,5,Sandal
914,5,Sandal
915,1,Trouser
916,2,Pullover
917,0,T-shirt/top
918,9,Ankle boot
919,3,Dress
920,7,Sneaker
921,8,Bag
922,4,Coat
923,8,Bag
924,3,Dress
925,4,Coat
926,7,Sneaker
927,6,Shirt
928,7,Sneaker
929,4,Coat
930,8,Bag
931,6,Shirt
932,3,Dress
933,4,Coat
934,4,Coat
935,3,Dress
936,6,Shirt
937,9,Ankle boot
938,6,Shirt
939,2,Pullover
940,4,Coat
941,9,Ankle boot
942,1,Trouser
943,8,Bag
944,1,Trouser
945,7,Sneaker
946,9,Ankle boot
947,5,Sandal
948,6,Shirt
949,0,T-shirt/top
950,2,Pullover
951,1,Trouser
952,0,T-shirt/top
953,5,Sandal
954,4,Coat
955,0,T-shirt/top
956,0,T-shirt/top
957,2,Pullover
958,7,Sneaker
959,5,Sandal
960,0,T-shirt/top
961,3,Dress
962,5,Sandal
963,9,Ankle boot
964,4,Coat
965,8,Bag
966,6,Shirt
967,0,T-shirt/top
968,4,Coat
969,6,Shirt
970,2,Pullover
971,9,Ankle boot
972,0,T-shirt/top
973,7,Sneaker
974,7,Sneaker
975,1,Trouser
976,4,Coat
977,4,Coat
978,0,T-shirt/top
979,5,Sandal
980,0,T-shirt/top
981,9,Ankle boot
982,9,Ankle boot
983,8,Bag
984,8,Bag
985,3,Dress
986,6,Shirt
987,2,Pullover
988,4,Coat
989,6,Shirt
990,6,Shirt
991,3,Dress
992,2,Pullover
993,3,Dress
994,7,Sneaker
995,2,Pullover
996,9,Ankle boot
997,3,Dress
998,4,Coat
999,7,Sneaker
1000,7,Sneaker
1001,0,T-shirt/top
1002,3,Dress
1003,5,Sandal
1004,5,Sandal
1005,6,Shirt
1006,4,Coat
1007,5,Sandal
1008,9,Ankle boot
1009,2,Pullover
1010,3,Dress
1011,7,Sneaker
1012,5,Sandal
1013,1,Trouser
1014,9,Ankle boot
1015,8,Bag
1016,8,Bag
1017,9,Ankle boot
1018,9,Ankle boot
1019,2,Pullover
1020,7,Sneaker
1021,2,Pullover
1022,2,Pullover
1023,3,Dress
1024,8,Bag
1025,7,Sneaker
1026,4,Coat
1027,4,Coat
1028,5,Sandal
1029,4,Coat
1030,3,Dress
1031,6,Shirt
1032,1,Trouser
1033,4,Coat
1034,9,Ankle boot
1035,3,Dress
1036,1,Trouser
1037,6,Shirt
1038,5,Sandal
1039,0,T-shirt/top
1040,5,Sandal
1041,7,Sneaker
1042,5,Sandal
1043,2,Pullover
1044,3,Dress
1045,3,Dress
1046,9,Ankle boot
1047,6,Shirt
1048,3,Dress
1049,6,Shirt
1050,0,T-shirt/top
1051,4,Coat
1052,5,Sandal
1053,0,T-shirt/top
1054,2,Pullover
1055,9,Ankle boot
1056,2,Pullover
1057,0,T-shirt/top
1058,3,Dress
1059,6,Shirt
1060,7,Sneaker
1061,0,T-shirt/top
1062,2,Pullover
1063,1,Trouser
1064,1,Trouser
1065,4,Coat
1066,4,Coat
1067,6,Shirt
1068,5,Sandal
1069,9,Ankle boot
1070,0,T-shirt/top
1071,1,Trouser
1072,6,Shirt
1073,5,Sandal
1074,1,Trouser
1075,4,Coat
1076,4,Coat
1077,8,Bag
1078,4,Coat
1079,7,Sneaker
1080,7,Sneaker
1081,3,Dress
1082,8,Bag
1083,3,Dress
1084,1,Trouser
1085,9,Ankle boot
1086,8,Bag
1087,1,Trouser
1088,3,Dress
1089,3,Dress
1090,7,Sneaker
1091,5,Sandal
1092,3,Dress
1093,5,Sandal
1094,7,Sneaker
1095,8,Bag
1096,9,Ankle boot
1097,2,Pullover
1098,3,Dress
1099,5,Sandal
1100,8,Bag
1101,4,Coat
1102,6,Shirt
1103,3,Dress
1104,8,Bag
1105,6,Shirt
1106,5,Sandal
1107,5,Sandal
1108,2,Pullover
1109,7,Sneaker
1110,1,Trouser
1111,5,Sandal
1112,3,Dress
1113,5,Sandal
1114,4,Coat
1115,8,Bag
1116,6,Shirt
1117,2,Pullover
1118,1,Trouser
1119,1,Trouser
1120,7,Sneaker
1121,9,Ankle boot
1122,6,Shirt
1123,2,Pullover
1124,7,Sneaker
1125,6,Shirt
1126,4,Coat
1127,8,Bag
1128,2,Pullover
1129,2,Pullover
1130,6,Shirt
1131,6,Shirt
1132,4,Coat
1133,4,Coat
1134,9,Ankle boot
1135,6,Shirt
1136,8,Bag
1137,4,Coat
1138,5,Sandal
1139,9,Ankle boot
1140,6,Shirt
1141,3,Dress
1142,9,Ankle boot
1143,6,Shirt
1144,9,Ankle boot
1145,8,Bag
1146,7,Sneaker
1147,4,Coat
1148,2,Pullover
1149,2,Pullover
1150,5,Sandal
1151,3,Dress
1152,7,Sneaker
1153,0,T-shirt/top
1154,7,Sneaker
1155,2,Pullover
1156,9,Ankle boot
1157,3,Dress
1158,7,Sneaker
1159,0,T-shirt/top
1160,9,Ankle boot
1161,3,Dress
1162,8,Bag
1163,4,Coat
1164,4,Coat
1165,7,Sneaker
1166,2,Pullover
1167,4,Coat
1168,6,Shirt
1169,2,Pullover
1170,0,T-shirt/top
1171,7,Sneaker
1172,8,Bag
1173,4,Coat
1174,2,Pullover
1175,4,Coat
1176,5,Sandal
1177,5,Sandal
1178,6,Shirt
1179,4,Coat
1180,5,Sandal
1181,5,Sandal
1182,8,Bag
1183,1,Trouser
1184,1,Trouser
1185,7,Sneaker
1186,4,Coat
1187,6,Shirt
1188,9,Ankle boot
1189,0,T-shirt/top
1190,8,Bag
1191,7,Sneaker
1192,2,Pullover
1193,2,Pullover
1194,1,Trouser
1195,2,Pullover
1196,7,Sneaker
1197,7,Sneaker
1198,2,Pullover
1199,9,Ankle boot
1200,8,Bag
1201,5,Sandal
1202,1,Trouser
1203,1,Trouser
1204,3,Dress
1205,2,Pullover
1206,0,T-shirt/top
1207,9,Ankle boot
1208,6,Shirt
1209,1,Trouser
1210,9,Ankle boot
1211,0,T-shirt/top
1212,5,Sandal
1213,5,Sandal
1214,2,Pullover
1215,0,T-shirt/top
1216,7,Sneaker
1217,0,T-shirt/top
1218,2,Pullover
1219,3,Dress
1220,1,Trouser
1221,3,Dress
1222,1,Trouser
1223,3,Dress
1224,6,Shirt
1225,7,Sneaker
1226,2,Pullover
1227,4,Coat
1228,9,Ankle boot
1229,5,Sandal
1230,2,Pullover
1231,9,Ankle boot
1232,6,Shirt
1233,3,Dress
1234,4,Coat
1235,4,Coat
1236,0,T-shirt/top
1237,0,T-shirt/top
1238,5,Sandal
1239,2,Pullover
1240,2,Pullover
1241,5,Sandal
1242,6,Shirt
1243,1,Trouser
1244,6,Shirt
1245,2,Pullover
1246,5,Sandal
1247,4,Coat
1248,4,Coat
1249,8,Bag
1250,3,Dress
1251,2,Pullover
1252,4,Coat
1253,0,T-shirt/top
1254,4,Coat
1255,4,Coat
1256,6,Shirt
1257,8,Bag
1258,3,Dress
1259,8,Bag
1260,2,Pullover
1261,0,T-shirt/top
1262,4,Coat
1263,4,Coat
1264,8,Bag
1265,8,Bag
1266,4,Coat
1267,5,Sandal
1268,2,Pullover
1269,2,Pullover
1270,3,Dress
1271,0,T-shirt/top
1272,1,Trouser
1273,9,Ankle boot
1274,0,T-shirt/top
1275,9,Ankle boot
1276,1,Trouser
1277,9,Ankle boot
1278,6,Shirt
1279,5,Sandal
1280,4,Coat
1281,4,Coat
1282,7,Sneaker
1283,3,Dress
1284,8,Bag
1285,7,Sneaker
1286,0,T-shirt/top
1287,8,Bag
1288,0,T-shirt/top
1289,7,Sneaker
1290,5,Sandal
1291,5,Sandal
1292,9,Ankle boot
1293,5,Sandal
1294,0,T-shirt/top
1295,0,T-shirt/top
1296,0,T-shirt/top
1297,3,Dress
1298,4,Coat
1299,4,Coat
1300,4,Coat
1301,5,Sandal
1302,7,Sneaker
1303,1,Trouser
1304,3,Dress
1305,4,Coat
1306,6,Shirt
1307,4,Coat
1308,5,Sandal
1309,1,Trouser
1310,6,Shirt
1311,7,Sneaker
1312,3,Dress
1313,4,Coat
1314,8,Bag
1315,8,Bag
1316,4,Coat
1317,8,Bag
1318,9,Ankle boot
1319,4,Coat
1320,1,Trouser
1321,6,Shirt
1322,5,Sandal
1323,2,Pullover
1324,7,Sneaker
1325,8,Bag
1326,5,Sandal
1327,6,Shirt
1328,8,Bag
1329,5,Sandal
1330,2,Pullover
1331,2,Pullover
1332,8,Bag
1333,9,Ankle boot
1334,8,Bag
1335,6,Shirt
1336,3,Dress
1337,3,Dress
1338,8,Bag
1339,8,Bag
1340,3,Dress
1341,0,T-shirt/top
1342,9,Ankle boot
1343,4,Coat
1344,4,Coat
1345,8,Bag
1346,1,Trouser
1347,3,Dress
1348,6,Shirt
1349,1,Trouser
1350,9,Ankle boot
1351,2,Pullover
1352,1,Trouser
1353,6,Shirt
1354,2,Pullover
1355,7,Sneaker
1356,9,Ankle boot
1357,4,Coat
1358,6,Shirt
1359,0,T-shirt/top
1360,4,Coat
1361,4,Coat
1362,2,Pullover
1363,4,Coat
1364,5,Sandal
1365,0,T-shirt/top
1366,2,Pullover
1367,8,Bag
1368,3,Dress
1369,7,Sneaker
1370,6,Shirt
1371,4,Coat
1372,0,T-shirt/top
1373,0,T-shirt/top
1374,5,Sandal
1375,4,Coat
1376,8,Bag
1377,2,Pullover
1378,2,Pullover
1379,3,Dress
1380,0,T-shirt/top
1381,2,Pullover
1382,1,Trouser
1383,7,Sneaker
1384,7,Sneaker
1385,5,Sandal
1386,4,Coat
1387,7,Sneaker
1388,2,Pullover
1389,6,Shirt
1390,7,Sneaker
1391,3,Dress
1392,3,Dress
1393,1,Trouser
1394,3,Dress
1395,3,Dress
1396,6,Shirt
1397,0,T-shirt/top
1398,1,Trouser
1399,7,Sneaker
1400,2,Pullover
1401,4,Coat
1402,7,Sneaker
1403,1,Trouser
1404,0,T-shirt/top
1405,6,Shirt
1406,5,Sandal
1407,8,Bag
1408,4,Coat
1409,6,Shirt
1410,7,Sneaker
1411,9,Ankle boot
1412,5,Sandal
1413,0,T-shirt/top
1414,7,Sneaker
1415,9,Ankle boot
1416,5,Sandal
1417,1,Trouser
1418,2,Pullover
1419,9,Ankle boot
1420,5,Sandal
1421,5,Sandal
1422,3,Dress
1423,9,Ankle boot
1424,9,Ankle boot
1425,1,Trouser
1426,6,Shirt
1427,7,Sneaker
1428,8,Bag
1429,0,T-shirt/top
1430,1,Trouser
1431,7,Sneaker
1432,2,Pullover
1433,7,Sneaker
1434,1,Trouser
1435,1,Trouser
1436,5,Sandal
1437,5,Sandal
1438,6,Shirt
1439,4,Coat
1440,5,Sandal
1441,9,Ankle boot
1442,5,Sandal
1443,5,Sandal
1444,2,Pullover
1445,3,Dress
1446,9,Ankle boot
1447,3,Dress
1448,8,Bag
1449,5,Sandal
1450,4,Coat
1451,0,T-shirt/top
1452,0,T-shirt/top
1453,0,T-shirt/top
1454,5,Sandal
1455,7,Sneaker
1456,4,Coat
1457,5,Sandal
1458,2,Pullover
1459,3,Dress
1460,4,Coat
1461,4,Coat
1462,7,Sneaker
1463,6,Shirt
1464,0,T-shirt/top
1465,5,Sandal
1466,1,Trouser
1467,7,Sneaker
1468,2,Pullover
1469,3,Dress
1470,2,Pullover
1471,8,Bag
1472,7,Sneaker
1473,8,Bag
1474,7,Sneaker
1475,1,Trouser
1476,2,Pullover
1477,3,Dress
1478,2,Pullover
1479,9,Ankle boot
1480,7,Sneaker
1481,5,Sandal
1482,6,Shirt
1483,3,Dress
1484,6,Shirt
1485,7,Sneaker
1486,1,Trouser
1487,2,Pullover
1488,4,Coat
1489,9,Ankle boot
1490,0,T-shirt/top
1491,6,Shirt
1492,4,Coat
1493,4,Coat
1494,3,Dress
1495,0,T-shirt/top
1496,6,Shirt
1497,2,Pullover
1498,3,Dress
1499,6,Shirt
1500,1,Trouser
1501,3,Dress
1502,7,Sneaker
1503,2,Pullover
1504,5,Sandal
1505,3,Dress
1506,9,Ankle boot
1507,1,Trouser
1508,1,Trouser
1509,8,Bag
1510,6,Shirt
1511,9,Ankle boot
1512,5,Sandal
1513,0,T-shirt/top
1514,7,Sneaker
1515,4,Coat
1516,6,Shirt
1517,7,Sneaker
1518,1,Trouser
1519,1,Trouser
1520,5,Sandal
1521,3,Dress
1522,8,Bag
1523,7,Sneaker
1524,8,Bag
1525,3,Dress
1526,8,Bag
1527,9,Ankle boot
1528,6,Shirt
1529,6,Shirt
1530,1,Trouser
1531,1,Trouser
1532,3,Dress
1533,5,Sandal
1534,6,Shirt
1535,7,Sneaker
1536,1,Trouser
1537,9,Ankle boot
1538,9,Ankle boot
1539,2,Pullover
1540,4,Coat
1541,7,Sneaker
1542,0,T-shirt/top
1543,1,Trouser
1544,3,Dress
1545,9,Ankle boot
1546,6,Shirt
1547,3,Dress
1548,7,Sneaker
1549,2,Pullover
1550,8,Bag
1551,1,Trouser
1552,8,Bag
1553,0,T-shirt/top
1554,7,Sneaker
1555,9,Ankle boot
1556,8,Bag
1557,5,Sandal
1558,8,Bag
1559,2,Pullover
1560,0,T-shirt/top
1561,4,Coat
1562,0,T-shirt/top
1563,6,Shirt
1564,5,Sandal
1565,8,Bag
1566,3,Dress
1567,8,Bag
1568,5,Sandal
1569,5,Sandal
1570,7,Sneaker
1571,3,Dress
1572,7,Sneaker
1573,0,T-shirt/top
1574,7,Sneaker
1575,0,T-shirt/top
1576,2,Pullover
1577,2,Pullover
1578,5,Sandal
1579,3,Dress
1580,5,Sandal
1581,1,Trouser
1582,1,Trouser
1583,7,Sneaker
1584,7,Sneaker
1585,6,Shirt
1586,3,Dress
1587,6,Shirt
1588,3,Dress
1589,2,Pullover
1590,8,Bag
1591,6,Shirt
1592,4,Coat
1593,1,Trouser
1594,4,Coat
1595,9,Ankle boot
1596,9,Ankle boot
1597,4,Coat
1598,5,Sandal
1599,2,Pullover
1600,2,Pullover
1601,7,Sneaker
1602,8,Bag
1603,0,T-shirt/top
1604,7,Sneaker
1605,9,Ankle boot
1606,1,Trouser
1607,2,Pullover
1608,9,Ankle boot
1609,4,Coat
1610,7,Sneaker
1611,3,Dress
1612,4,Coat
1613,3,Dress
1614,3,Dress
1615,1,Trouser
1616,8,Bag
1617,8,Bag
1618,7,Sneaker
1619,3,Dress
1620,8,Bag
1621,0,T-shirt/top
1622,3,Dress
1623,4,Coat
1624,3,Dress
1625,6,Shirt
1626,0,T-shirt/top
1627,2,Pullover
1628,7,Sneaker
1629,3,Dress
1630,6,Shirt
1631,8,Bag
1632,3,Dress
1633,7,Sneaker
1634,7,Sneaker
1635,3,Dress
1636,1,Trouser
1637,7,Sneaker
1638,5,Sandal
1639,8,Bag
1640,8,Bag
1641,2,Pullover
1642,0,T-shirt/top
1643,6,Shirt
1644,4,Coat
1645,4,Coat
1646,8,Bag
1647,5,Sandal
1648,7,Sneaker
1649,0,T-shirt/top
1650,6,Shirt
1651,0,T-shirt/top
1652,7,Sneaker
1653,7,Sneaker
1654,3,Dress
1655,9,Ankle boot
1656,4,Coat
1657,5,Sandal
1658,9,Ankle boot
1659,7,Sneaker
1660,3,Dress
1661,7,Sneaker
1662,4,Coat
1663,4,Coat
1664,5,Sandal
1665,1,Trouser
1666,4,Coat
1667,5,Sandal
1668,4,Coat
1669,5,Sandal
1670,0,T-shirt/top
1671,4,Coat
1672,4,Coat
1673,1,Trouser
1674,4,Coat
1675,4,Coat
1676,8,Bag
1677,4,Coat
1678,5,Sandal
1679,9,Ankle boot
1680,4,Coat
1681,1,Trouser
1682,1,Trouser
1683,7,Sneaker
1684,2,Pullover
1685,3,Dress
1686,5,Sandal
1687,0,T-shirt/top
1688,3,Dress
1689,9,Ankle boot
1690,7,Sneaker
1691,5,Sandal
1692,3,Dress
1693,8,Bag
1694,8,Bag
1695,8,Bag
1696,9,Ankle boot
1697,1,Trouser
1698,1,Trouser
1699,6,Shirt
1700,3,Dress
1701,1,Trouser
1702,4,Coat
1703,3,Dress
1704,4,Coat
1705,9,Ankle boot
1706,9,Ankle boot
1707,0,T-shirt/top
1708,0,T-shirt/top
1709,6,Shirt
1710,9,Ankle boot
1711,4,Coat
1712,9,Ankle boot
1713,6,Shirt
1714,6,Shirt
1715,1,Trouser
1716,8,Bag
1717,9,Ankle boot
1718,2,Pullover
1719,9,Ankle boot
1720,4,Coat
1721,8,Bag
1722,0,T-shirt/top
1723,7,Sneaker
1724,2,Pullover
1725,3,Dress
1726,6,Shirt
1727,2,Pullover
1728,5,Sandal
1729,6,Shirt
1730,1,Trouser
1731,9,Ankle boot
1732,0,T-shirt/top
1733,4,Coat
1734,2,Pullover
1735,9,Ankle boot
1736,9,Ankle boot
1737,0,T-shirt/top
1738,8,Bag
1739,3,Dress
1740,6,Shirt
1741,6,Shirt
1742,6,Shirt
1743,0,T-shirt/top
1744,4,Coat
1745,2,Pullover
1746,6,Shirt
1747,6,Shirt
1748,5,Sandal
1749,0,T-shirt/top
1750,2,Pullover
1751,7,Sneaker
1752,8,Bag
1753,7,Sneaker
1754,4,Coat
1755,0,T-shirt/top
1756,6,Shirt
1757,0,T-shirt/top
1758,5,Sandal
1759,2,Pullover
1760,4,Coat
1761,2,Pullover
1762,9,Ankle boot
1763,5,Sandal
1764,2,Pullover
1765,6,Shirt
1766,7,Sneaker
1767,0,T-shirt/top
1768,1,Trouser
1769,9,Ankle boot
1770,5,Sandal
1771,5,Sandal
1772,0,T-shirt/top
1773,7,Sneaker
1774,7,Sneaker
1775,5,Sandal
1776,0,T-shirt/top
1777,5,Sandal
1778,0,T-shirt/top
1779,8,Bag
1780,4,Coat
1781,7,Sneaker
1782,9,Ankle boot
1783,8,Bag
1784,2,Pullover
1785,4,Coat
1786,7,Sneaker
1787,3,Dress
1788,3,Dress
1789,7,Sneaker
1790,7,Sneaker
1791,7,Sneaker
1792,8,Bag
1793,2,Pullover
1794,9,Ankle boot
1795,5,Sandal
1796,7,Sneaker
1797,6,Shirt
1798,7,Sneaker
1799,7,Sneaker
1800,5,Sandal
1801,1,Trouser
1802,3,Dress
1803,0,T-shirt/top
1804,4,Coat
1805,9,Ankle boot
1806,9,Ankle boot
1807,8,Bag
1808,3,Dress
1809,7,Sneaker
1810,0,T-shirt/top
1811,4,Coat
1812,2,Pullover
1813,9,Ankle boot
1814,3,Dress
1815,3,Dress
1816,1,Trouser
1817,7,Sneaker
1818,9,Ankle boot
1819,1,Trouser
1820,5,Sandal
1821,7,Sneaker
1822,2,Pullover
1823,7,Sneaker
1824,6,Shirt
1825,5,Sandal
1826,7,Sneaker
1827,3,Dress
1828,7,Sneaker
1829,5,Sandal
1830,5,Sandal
1831,4,Coat
1832,0,T-shirt/top
1833,7,Sneaker
1834,4,Coat
1835,3,Dress
1836,2,Pullover
1837,6,Shirt
1838,2,Pullover
1839,9,Ankle boot
1840,9,Ankle boot
1841,0,T-shirt/top
1842,3,Dress
1843,0,T-shirt/top
1844,8,Bag
1845,3,Dress
1846,8,Bag
1847,8,Bag
1848,4,Coat
1849,4,Coat
1850,1,Trouser
1851,8,Bag
1852,2,Pullover
1853,4,Coat
1854,5,Sandal
1855,0,T-shirt/top
1856,2,Pullover
1857,4,Coat
1858,3,Dress
1859,0,T-shirt/top
1860,0,T-shirt/top
1861,1,Trouser
1862,6,Shirt
1863,8,Bag
1864,4,Coat
1865,9,Ankle boot
1866,0,T-shirt/top
1867,7,Sneaker
1868,2,Pullover
1869,7,Sneaker
1870,7,Sneaker
1871,1,Trouser
1872,5,Sandal
1873,8,Bag
1874,7,Sneaker
1875,2,Pullover
1876,9,Ankle boot
1877,9,Ankle boot
1878,1,Trouser
1879,2,Pullover
1880,4,Coat
1881,1,Trouser
1882,1,Trouser
1883,1,Trouser
1884,8,Bag
1885,8,Bag
1886,1,Trouser
1887,3,Dress
1888,7,Sneaker
1889,5,Sandal
1890,2,Pullover
1891,0,T-shirt/top
1892,8,Bag
1893,4,Coat
1894,8,Bag
1895,9,Ankle boot
1896,2,Pullover
1897,1,Trouser
1898,3,Dress
1899,1,Trouser
1900,9,Ankle boot
1901,8,Bag
1902,1,Trouser
1903,1,Trouser
1904,1,Trouser
1905,8,Bag
1906,0,T-shirt/top
1907,9,Ankle boot
1908,9,Ankle boot
1909,7,Sneaker
1910,6,Shirt
1911,0,T-shirt/top
1912,4,Coat
1913,2,Pullover
1914,1,Trouser
1915,1,Trouser
1916,7,Sneaker
1917,9,Ankle boot
1918,2,Pullover
1919,2,Pullover
1920,0,T-shirt/top
1921,3,Dress
1922,0,T-shirt/top
1923,4,Coat
1924,8,Bag
1925,1,Trouser
1926,7,Sneaker
1927,2,Pullover
1928,4,Coat
1929,4,Coat
1930,2,Pullover
1931,4,Coat
1932,8,Bag
1933,7,Sneaker
1934,1,Trouser
1935,8,Bag
1936,5,Sandal
1937,5,Sandal
1938,7,Sneaker
1939,7,Sneaker
1940,6,Shirt
1941,6,Shirt
1942,2,Pullover
1943,9,Ankle boot
1944,0,T-shirt/top
1945,6,Shirt
1946,3,Dress
1947,5,Sandal
1948,5,Sandal
1949,0,T-shirt/top
1950,2,Pullover
1951,1,Trouser
1952,0,T-shirt/top
1953,3,Dress
1954,7,Sneaker
1955,7,Sneaker
1956,3,Dress
1957,7,Sneaker
1958,4,Coat
1959,7,Sneaker
1960,7,Sneaker
1961,9,Ankle boot
1962,8,Bag
1963,9,Ankle boot
1964,1,Trouser
1965,2,Pullover
1966,8,Bag
1967,3,Dress
1968,2,Pullover
1969,6,Shirt
1970,6,Shirt
1971,0,T-shirt/top
1972,8,Bag
1973,3,Dress
1974,8,Bag
1975,6,Shirt
1976,8,Bag
1977,6,Shirt
1978,0,T-shirt/top
1979,8,Bag
1980,8,Bag
1981,3,Dress
1982,2,Pullover
1983,9,Ankle boot
1984,3,Dress
1985,2,Pullover
1986,0,T-shirt/top
1987,8,Bag
1988,5,Sandal
1989,7,Sneaker
1990,0,T-shirt/top
1991,3,Dress
1992,1,Trouser
1993,1,Trouser
1994,9,Ankle boot
1995,5,Sandal
1996,1,Trouser
1997,3,Dress
1998,3,Dress
1999,6,Shirt
2000,0,T-shirt/top
2001,8,Bag
2002,4,Coat
2003,1,Trouser
2004,3,Dress
2005,8,Bag
2006,8,Bag
2007,0,T-shirt/top
2008,7,Sneaker
2009,5,Sandal
2010,0,T-shirt/top
2011,6,Shirt
2012,7,Sneaker
2013,3,Dress
2014,3,Dress
2015,2,Pullover
2016,4,Coat
2017,6,Shirt
2018,5,Sandal
2019,5,Sandal
2020,4,Coat
2021,4,Coat
2022,3,Dress
2023,9,Ankle boot
2024,1,Trouser
2025,1,Trouser
2026,7,Sneaker
2027,3,Dress
2028,8,Bag
2029,7,Sneaker
2030,2,Pullover
2031,2,Pullover
2032,9,Ankle boot
2033,3,Dress
2034,9,Ankle boot
2035,9,Ankle boot
2036,0,T-shirt/top
2037,1,Trouser
2038,7,Sneaker
2039,1,Trouser
2040,4,Coat
2041,8,Bag
2042,1,Trouser
2043,2,Pullover
2044,9,Ankle boot
2045,3,Dress
2046,4,Coat
2047,0,T-shirt/top
2048,0,T-shirt/top
2049,7,Sneaker
2050,6,Shirt
2051,9,Ankle boot
2052,9,Ankle boot
2053,5,Sandal
2054,7,Sneaker
2055,7,Sneaker
2056,0,T-shirt/top
2057,9,Ankle boot
2058,3,Dress
2059,3,Dress
2060,6,Shirt
2061,9,Ankle boot
2062,8,Bag
2063,4,Coat
2064,2,Pullover
2065,6,Shirt
2066,3,Dress
2067,9,Ankle boot
2068,4,Coat
2069,3,Dress
2070,6,Shirt
2071,7,Sneaker
2072,4,Coat
2073,0,T-shirt/top
2074,3,Dress
2075,8,Bag
2076,1,Trouser
2077,2,Pullover
2078,7,Sneaker
2079,3,Dress
2080,4,Coat
2081,5,Sandal
2082,2,Pullover
2083,2,Pullover
2084,9,Ankle boot
2085,1,Trouser
2086,7,Sneaker
2087,6,Shirt
2088,9,Ankle boot
2089,1,Trouser
2090,6,Shirt
2091,2,Pullover
2092,8,Bag
2093,8,Bag
2094,7,Sneaker
2095,7,Sneaker
2096,7,Sneaker
2097,7,Sneaker
2098,2,Pullover
2099,6,Shirt
2100,0,T-shirt/top
2101,7,Sneaker
2102,5,Sandal
2103,8,Bag
2104,5,Sandal
2105,0,T-shirt/top
2106,0,T-shirt/top
2107,6,Shirt
2108,4,Coat
2109,9,Ankle boot
2110,2,Pullover
2111,4,Coat
2112,1,Trouser
2113,1,Trouser
2114,9,Ankle boot
2115,3,Dress
2116,1,Trouser
2117,2,Pullover
2118,2,Pullover
2119,2,Pullover
2120,3,Dress
2121,7,Sneaker
2122,5,Sandal
2123,7,Sneaker
2124,4,Coat
2125,4,Coat
2126,4,Coat
2127,1,Trouser
2128,2,Pullover
2129,3,Dress
2130,5,Sandal
2131,4,Coat
2132,2,Pullover
2133,9,Ankle boot
2134,1,Trouser
2135,5,Sandal
2136,9,Ankle boot
2137,3,Dress
2138,6,Shirt
2139,6,Shirt
2140,4,Coat
2141,0,T-shirt/top
2142,1,Trouser
2143,7,Sneaker
2144,7,Sneaker
2145,4,Coat
2146,4,Coat
2147,7,Sneaker
2148,7,Sneaker
2149,3,Dress
2150,0,T-shirt/top
2151,4,Coat
2152,3,Dress
2153,2,Pullover
2154,7,Sneaker
2155,8,Bag
2156,7,Sneaker
2157,2,Pullover
2158,8,Bag
2159,0,T-shirt/top
2160,8,Bag
2161,7,Sneaker
2162,4,Coat
2163,4,Coat
2164,2,Pullover
2165,7,Sneaker
2166,0,T-shirt/top
2167,9,Ankle boot
2168,9,Ankle boot
2169,3,Dress
2170,1,Trouser
2171,5,Sandal
2172,9,Ankle boot
2173,3,Dress
2174,1,Trouser
2175,0,T-shirt/top
2176,3,Dress
2177,3,Dress
2178,5,Sandal
2179,9,Ankle boot
2180,7,Sneaker
2181,9,Ankle boot
2182,8,Bag
2183,3,Dress
2184,5,Sandal
2185,9,Ankle boot
2186,3,Dress
2187,7,Sneaker
2188,9,Ankle boot
2189,3,Dress
2190,6,Shirt
2191,6,Shirt
2192,0,T-shirt/top
2193,5,Sandal
2194,7,Sneaker
2195,7,Sneaker
2196,4,Coat
2197,3,Dress
2198,5,Sandal
2199,3,Dress
2200,1,Trouser
2201,1,Trouser
2202,9,Ankle boot
2203,4,Coat
2204,3,Dress
2205,9,Ankle boot
2206,5,Sandal
2207,5,Sandal
2208,7,Sneaker
2209,2,Pullover
2210,4,Coat
2211,9,Ankle boot
2212,0,T-shirt/top
2213,2,Pullover
2214,1,Trouser
2215,9,Ankle boot
2216,7,Sneaker
2217,1,Trouser
2218,5,Sandal
2219,0,T-shirt/top
2220,5,Sandal
2221,5,Sandal
2222,0,T-shirt/top
2223,3,Dress
2224,5,Sandal
2225,0,T-shirt/top
2226,3,Dress
2227,3,Dress
2228,7,Sneaker
2229,4,Coat
2230,2,Pullover
2231,6,Shirt
2232,8,Bag
2233,5,Sandal
2234,9,Ankle boot
2235,2,Pullover
2236,1,Trouser
2237,0,T-shirt/top
2238,5,Sandal
2239,5,Sandal
2240,8,Bag
2241,5,Sandal
2242,3,Dress
2243,7,Sneaker
2244,4,Coat
2245,4,Coat
2246,3,Dress
2247,9,Ankle boot
2248,0,T-shirt/top
2249,0,T-shirt/top
2250,0,T-shirt/top
2251,9,Ankle boot
2252,1,Trouser
2253,4,Coat
2254,3,Dress
2255,1,Trouser
2256,5,Sandal
2257,3,Dress
2258,8,Bag
2259,5,Sandal
2260,1,Trouser
2261,1,Trouser
2262,2,Pullover
2263,9,Ankle boot
2264,4,Coat
2265,0,T-shirt/top
2266,5,Sandal
2267,2,Pullover
2268,8,Bag
2269,0,T-shirt/top
2270,2,Pullover
2271,9,Ankle boot
2272,8,Bag
2273,4,Coat
2274,4,Coat
2275,8,Bag
2276,3,Dress
2277,8,Bag
2278,0,T-shirt/top
2279,4,Coat
2280,2,Pullover
2281,0,T-shirt/top
2282,4,Coat
2283,8,Bag
2284,5,Sandal
2285,4,Coat
2286,9,Ankle boot
2287,0,T-shirt/top
2288,9,Ankle boot
2289,5,Sandal
2290,8,Bag
2291,0,T-shirt/top
2292,9,Ankle boot
2293,1,Trouser
2294,4,Coat
2295,7,Sneaker
2296,2,Pullover
2297,1,Trouser
2298,6,Shirt
2299,6,Shirt
2300,0,T-shirt/top
2301,6,Shirt
2302,5,Sandal
2303,0,T-shirt/top
2304,4,Coat
2305,8,Bag
2306,5,Sandal
2307,5,Sandal
2308,2,Pullover
2309,0,T-shirt/top
2310,3,Dress
2311,8,Bag
2312,3,Dress
2313,0,T-shirt/top
2314,1,Trouser
2315,9,Ankle boot
2316,2,Pullover
2317,9,Ankle boot
2318,7,Sneaker
2319,3,Dress
2320,6,Shirt
2321,4,Coat
2322,8,Bag
2323,3,Dress
2324,4,Coat
2325,8,Bag
2326,5,Sandal
2327,2,Pullover
2328,8,Bag
2329,3,Dress
2330,3,Dress
2331,1,Trouser
2332,4,Coat
2333,4,Coat
2334,0,T-shirt/top
2335,4,Coat
2336,9,Ankle boot
2337,6,Shirt
2338,4,Coat
2339,1,Trouser
2340,9,Ankle boot
2341,9,Ankle boot
2342,8,Bag
2343,1,Trouser
2344,8,Bag
2345,8,Bag
2346,3,Dress
2347,3,Dress
2348,3,Dress
2349,8,Bag
2350,5,Sandal
2351,9,Ankle boot
2352,2,Pullover
2353,2,Pullover
2354,8,Bag
2355,7,Sneaker
2356,0,T-shirt/top
2357,3,Dress
2358,0,T-shirt/top
2359,0,T-shirt/top
2360,4,Coat
2361,5,Sandal
2362,7,Sneaker
2363,5,Sandal
2364,0,T-shirt/top
2365,7,Sneaker
2366,9,Ankle boot
2367,1,Trouser
2368,8,Bag
2369,4,Coat
2370,8,Bag
2371,9,Ankle boot
2372,3,Dress
2373,5,Sandal
2374,2,Pullover
2375,0,T-shirt/top
2376,4,Coat
2377,4,Coat
2378,7,Sneaker
2379,5,Sandal
2380,9,Ankle boot
2381,1,Trouser
2382,8,Bag
2383,6,Shirt
2384,5,Sandal
2385,5,Sandal
2386,3,Dress
2387,1,Trouser
2388,1,Trouser
2389,8,Bag
2390,8,Bag
2391,3,Dress
2392,0,T-shirt/top
2393,7,Sneaker
2394,0,T-shirt/top
2395,1,Trouser
2396,8,Bag
2397,3,Dress
2398,0,T-shirt/top
2399,4,Coat
2400,9,Ankle boot
2401,8,Bag
2402,5,Sandal
2403,8,Bag
2404,8,Bag
2405,6,Shirt
2406,9,Ankle boot
2407,1,Trouser
2408,8,Bag
2409,4,Coat
2410,2,Pullover
2411,7,Sneaker
2412,7,Sneaker
2413,0,T-shirt/top
2414,5,Sandal
2415,1,Trouser
2416,1,Trouser
2417,0,T-shirt/top
2418,0,T-shirt/top
2419,4,Coat
2420,3,Dress
2421,0,T-shirt/top
2422,2,Pullover
2423,3,Dress
2424,7,Sneaker
2425,1,Trouser
2426,2,Pullover
2427,3,Dress
2428,3,Dress
2429,4,Coat
2430,4,Coat
2431,5,Sandal
2432,0,T-shirt/top
2433,9,Ankle boot
2434,8,Bag
2435,3,Dress
2436,3,Dress
2437,1,Trouser
2438,0,T-shirt/top
2439,2,Pullover
2440,1,Trouser
2441,4,Coat
2442,4,Coat
2443,4,Coat
2444,8,Bag
2445,4,Coat
2446,9,Ankle boot
2447,0,T-shirt/top
2448,9,Ankle boot
2449,9,Ankle boot
2450,5,Sandal
2451,0,T-shirt/top
2452,6,Shirt
2453,0,T-shirt/top
2454,5,Sandal
2455,0,T-shirt/top
2456,3,Dress
2457,9,Ankle boot
2458,7,Sneaker
2459,3,Dress
2460,6,Shirt
2461,1,Trouser
2462,9,Ankle boot
2463,6,Shirt
2464,1,Trouser
2465,0,T-shirt/top
2466,4,Coat
2467,5,Sandal
2468,4,Coat
2469,1,Trouser
2470,2,Pullover
2471,8,Bag
2472,5,Sandal
2473,9,Ankle boot
2474,4,Coat
2475,5,Sandal
2476,3,Dress
2477,3,Dress
2478,8,Bag
2479,3,Dress
2480,0,T-shirt/top
2481,6,Shirt
2482,8,Bag
2483,9,Ankle boot
2484,0,T-shirt/top
2485,5,Sandal
2486,0,T-shirt/top
2487,2,Pullover
2488,6,Shirt
2489,9,Ankle boot
2490,3,Dress
2491,2,Pullover
2492,2,Pullover
2493,8,Bag
2494,5,Sandal
2495,9,Ankle boot
2496,2,Pullover
2497,3,Dress
2498,1,Trouser
2499,3,Dress
2500,3,Dress
2501,6,Shirt
2502,2,Pullover
2503,7,Sneaker
2504,4,Coat
2505,1,Trouser
2506,2,Pullover
2507,6,Shirt
2508,4,Coat
2509,3,Dress
2510,2,Pullover
2511,8,Bag
2512,5,Sandal
2513,0,T-shirt/top
2514,8,Bag
2515,5,Sandal
2516,2,Pullover
2517,7,Sneaker
2518,8,Bag
2519,1,Trouser
2520,5,Sandal
2521,9,Ankle boot
2522,8,Bag
2523,6,Shirt
2524,9,Ankle boot
2525,0,T-shirt/top
2526,9,Ankle boot
2527,3,Dress
2528,7,Sneaker
2529,5,Sandal
2530,9,Ankle boot
2531,9,Ankle boot
2532,6,Shirt
2533,0,T-shirt/top
2534,7,Sneaker
2535,1,Trouser
2536,5,Sandal
2537,7,Sneaker
2538,9,Ankle boot
2539,5,Sandal
2540,4,Coat
2541,4,Coat
2542,2,Pullover
2543,4,Coat
2544,5,Sandal
2545,9,Ankle boot
2546,7,Sneaker
2547,4,Coat
2548,2,Pullover
2549,6,Shirt
2550,9,Ankle boot
2551,9,Ankle boot
2552,1,Trouser
2553,4,Coat
2554,1,Trouser
2555,3,Dress
2556,7,Sneaker
2557,1,Trouser
2558,8,Bag
2559,7,Sneaker
2560,7,Sneaker
2561,1,Trouser
2562,8,Bag
2563,9,Ankle boot
2564,3,Dress
2565,7,Sneaker
2566,7,Sneaker
2567,7,Sneaker
2568,1,Trouser
2569,7,Sneaker
2570,4,Coat
2571,4,Coat
2572,6,Shirt
2573,2,Pullover
2574,3,Dress
2575,5,Sandal
2576,2,Pullover
2577,8,Bag
2578,9,Ankle boot
2579,6,Shirt
2580,8,Bag
2581,0,T-shirt/top
2582,0,T-shirt/top
2583,7,Sneaker
2584,7,Sneaker
2585,5,Sandal
2586,0,T-shirt/top
2587,1,Trouser
2588,9,Ankle boot
2589,2,Pullover
2590,6,Shirt
2591,4,Coat
2592,9,Ankle boot
2593,2,Pullover
2594,6,Shirt
2595,6,Shirt
2596,9,Ankle boot
2597,1,Trouser
2598,0,T-shirt/top
2599,5,Sandal
2600,8,Bag
2601,7,Sneaker
2602,2,Pullover
2603,8,Bag
2604,6,Shirt
2605,3,Dress
2606,6,Shirt
2607,1,Trouser
2608,7,Sneaker
2609,4,Coat
2610,8,Bag
2611,7,Sneaker
2612,4,Coat
2613,1,Trouser
2614,7,Sneaker
2615,8,Bag
2616,2,Pullover
2617,4,Coat
2618,4,Coat
2619,4,Coat
2620,4,Coat
2621,1,Trouser
2622,8,Bag
2623,4,Coat
2624,7,Sneaker
2625,2,Pullover
2626,9,Ankle boot
2627,4,Coat
2628,5,Sandal
2629,0,T-shirt/top
2630,3,Dress
2631,3,Dress
2632,8,Bag
2633,8,Bag
2634,2,Pullover
2635,0,T-shirt/top
2636,7,Sneaker
2637,2,Pullover
2638,4,Coat
2639,0,T-shirt/top
2640,4,Coat
2641,1,Trouser
2642,0,T-shirt/top
2643,8,Bag
2644,1,Trouser
2645,7,Sneaker
2646,7,Sneaker
2647,2,Pullover
2648,6,Shirt
2649,3,Dress
2650,1,Trouser
2651,2,Pullover
2652,7,Sneaker
2653,6,Shirt
2654,6,Shirt
2655,0,T-shirt/top
2656,6,Shirt
2657,2,Pullover
2658,7,Sneaker
2659,2,Pullover
2660,2,Pullover
2661,3,Dress
2662,6,Shirt
2663,3,Dress
2664,0,T-shirt/top
2665,9,Ankle boot
2666,7,Sneaker
2667,3,Dress
2668,5,Sandal
2669,4,Coat
2670,9,Ankle boot
2671,2,Pullover
2672,2,Pullover
2673,5,Sandal
2674,0,T-shirt/top
2675,6,Shirt
2676,8,Bag
2677,4,Coat
2678,0,T-shirt/top
2679,4,Coat
2680,4,Coat
2681,0,T-shirt/top
2682,6,Shirt
2683,1,Trouser
2684,6,Shirt
2685,4,Coat
2686,2,Pullover
2687,7,Sneaker
2688,1,Trouser
2689,0,T-shirt/top
2690,6,Shirt
2691,3,Dress
2692,1,Trouser
2693,1,Trouser
2694,5,Sandal
2695,4,Coat
2696,6,Shirt
2697,8,Bag
2698,3,Dress
2699,3,Dress
2700,1,Trouser
2701,7,Sneaker
2702,4,Coat
2703,9,Ankle boot
2704,8,Bag
2705,8,Bag
2706,4,Coat
2707,5,Sandal
2708,5,Sandal
2709,6,Shirt
2710,7,Sneaker
2711,3,Dress
2712,9,Ankle boot
2713,1,Trouser
2714,0,T-shirt/top
2715,5,Sandal
2716,3,Dress
2717,7,Sneaker
2718,6,Shirt
2719,1,Trouser
2720,1,Trouser
2721,8,Bag
2722,2,Pullover
2723,2,Pullover
2724,0,T-shirt/top
2725,5,Sandal
2726,9,Ankle boot
2727,6,Shirt
2728,3,Dress
2729,8,Bag
2730,1,Trouser
2731,0,T-shirt/top
2732,4,Coat
2733,8,Bag
2734,6,Shirt
2735,2,Pullover
2736,8,Bag
2737,3,Dress
2738,4,Coat
2739,2,Pullover
2740,1,Trouser
2741,9,Ankle boot
2742,4,Coat
2743,7,Sneaker
2744,9,Ankle boot
2745,5,Sandal
2746,7,Sneaker
2747,6,Shirt
2748,1,Trouser
2749,5,Sandal
2750,8,Bag
2751,8,Bag
2752,2,Pullover
2753,6,Shirt
2754,4,Coat
2755,6,Shirt
2756,3,Dress
2757,1,Trouser
2758,2,Pullover
2759,4,Coat
2760,0,T-shirt/top
2761,3,Dress
2762,9,Ankle boot
2763,8,Bag
2764,4,Coat
2765,0,T-shirt/top
2766,8,Bag
2767,4,Coat
2768,3,Dress
2769,9,Ankle boot
2770,7,Sneaker
2771,1,Trouser
2772,1,Trouser
2773,9,Ankle boot
2774,5,Sandal
2775,1,Trouser
2776,9,Ankle boot
2777,2,Pullover
2778,4,Coat
2779,2,Pullover
2780,4,Coat
2781,8,Bag
2782,6,Shirt
2783,7,Sneaker
2784,1,Trouser
2785,3,Dress
2786,0,T-shirt/top
2787,7,Sneaker
2788,0,T-shirt/top
2789,5,Sandal
2790,8,Bag
2791,1,Trouser
2792,4,Coat
2793,2,Pullover
2794,3,Dress
2795,4,Coat
2796,8,Bag
2797,8,Bag
2798,8,Bag
2799,3,Dress
2800,8,Bag
2801,1,Trouser
2802,8,Bag
2803,9,Ankle boot
2804,3,Dress
2805,0,T-shirt/top
2806,6,Shirt
2807,0,T-shirt/top
2808,2,Pullover
2809,9,Ankle boot
2810,7,Sneaker
2811,3,Dress
2812,7,Sneaker
2813,0,T-shirt/top
2814,1,Trouser
2815,3,Dress
2816,5,Sandal
2817,9,Ankle boot
2818,5,Sandal
2819,0,T-shirt/top
2820,5,Sandal
2821,0,T-shirt/top
2822,5,Sandal
2823,8,Bag
2824,7,Sneaker
2825,3,Dress
2826,6,Shirt
2827,2,Pullover
2828,8,Bag
2829,0,T-shirt/top
2830,0,T-shirt/top
2831,9,Ankle boot
2832,3,Dress
2833,0,T-shirt/top
2834,5,Sandal
2835,8,Bag
2836,1,Trouser
2837,1,Trouser
2838,2,Pullover
2839,3,Dress
2840,0,T-shirt/top
2841,0,T-shirt/top
2842,8,Bag
2843,8,Bag
2844,2,Pullover
2845,3,Dress
2846,3,Dress
2847,9,Ankle boot
2848,5,Sandal
2849,4,Coat
2850,3,Dress
2851,3,Dress
2852,1,Trouser
2853,8,Bag
2854,1,Trouser
2855,5,Sandal
2856,2,Pullover
2857,0,T-shirt/top
2858,0,T-shirt/top
2859,7,Sneaker
2860,9,Ankle boot
2861,3,Dress
2862,2,Pullover
2863,7,Sneaker
2864,1,Trouser
2865,7,Sneaker
2866,4,Coat
2867,1,Trouser
2868,6,Shirt
2869,2,Pullover
2870,8,Bag
2871,6,Shirt
2872,7,Sneaker
2873,6,Shirt
2874,4,Coat
2875,9,Ankle boot
2876,3,Dress
2877,2,Pullover
2878,5,Sandal
2879,0,T-shirt/top
2880,8,Bag
2881,6,Shirt
2882,2,Pullover
2883,2,Pullover
2884,7,Sneaker
2885,4,Coat
2886,2,Pullover
2887,1,Trouser
2888,1,Trouser
2889,0,T-shirt/top
2890,3,Dress
2891,5,Sandal
2892,5,Sandal
2893,2,Pullover
2894,6,Shirt
2895,4,Coat
2896,1,Trouser
2897,8,Bag
2898,8,Bag
2899,4,Coat
2900,4,Coat
2901,3,Dress
2902,4,Coat
2903,2,Pullover
2904,9,Ankle boot
2905,6,Shirt
2906,3,Dress
2907,9,Ankle boot
2908,6,Shirt
2909,2,Pullover
2910,6,Shirt
2911,8,Bag
2912,4,Coat
2913,5,Sandal
2914,4,Coat
2915,9,Ankle boot
2916,8,Bag
2917,1,Trouser
2918,6,Shirt
2919,4,Coat
2920,6,Shirt
2921,4,Coat
2922,9,Ankle boot
2923,4,Coat
2924,3,Dress
2925,5,Sandal
2926,1,Trouser
2927,4,Coat
2928,6,Shirt
2929,0,T-shirt/top
2930,1,Trouser
2931,1,Trouser
2932,0,T-shirt/top
2933,2,Pullover
2934,6,Shirt
2935,9,Ankle boot
2936,7,Sneaker
2937,0,T-shirt/top
2938,1,Trouser
2939,2,Pullover
2940,4,Coat
2941,3,Dress
2942,7,Sneaker
2943,2,Pullover
2944,1,Trouser
2945,1,Trouser
2946,7,Sneaker
2947,7,Sneaker
2948,8,Bag
2949,7,Sneaker
2950,6,Shirt
2951,5,Sandal
2952,3,Dress
2953,7,Sneaker
2954,2,Pullover
2955,0,T-shirt/top
2956,9,Ankle boot
2957,6,Shirt
2958,1,Trouser
2959,6,Shirt
2960,2,Pullover
2961,6,Shirt
2962,5,Sandal
2963,8,Bag
2964,5,Sandal
2965,2,Pullover
2966,9,Ankle boot
2967,8,Bag
2968,2,Pullover
2969,0,T-shirt/top
2970,9,Ankle boot
2971,0,T-shirt/top
2972,8,Bag
2973,1,Trouser
2974,6,Shirt
2975,8,Bag
2976,2,Pullover
2977,8,Bag
2978,2,Pullover
2979,0,T-shirt/top
2980,2,Pullover
2981,3,Dress
2982,8,Bag
2983,7,Sneaker
2984,8,Bag
2985,2,Pullover
2986,2,Pullover
2987,6,Shirt
2988,6,Shirt
2989,0,T-shirt/top
2990,4,Coat
2991,5,Sandal
2992,3,Dress
2993,4,Coat
2994,1,Trouser
2995,1,Trouser
2996,9,Ankle boot
2997,7,Sneaker
2998,3,Dress
2999,4,Coat
3000,2,Pullover
3001,1,Trouser
3002,4,Coat
3003,2,Pullover
3004,7,Sneaker
3005,5,Sandal
3006,1,Trouser
3007,2,Pullover
3008,3,Dress
3009,3,Dress
3010,7,Sneaker
3011,9,Ankle boot
3012,8,Bag
3013,7,Sneaker
3014,2,Pullover
3015,7,Sneaker
3016,7,Sneaker
3017,7,Sneaker
3018,2,Pullover
3019,2,Pullover
3020,2,Pullover
3021,6,Shirt
3022,3,Dress
3023,3,Dress
3024,9,Ankle boot
3025,1,Trouser
3026,1,Trouser
3027,4,Coat
3028,8,Bag
3029,0,T-shirt/top
3030,9,Ankle boot
3031,7,Sneaker
3032,5,Sandal
3033,2,Pullover
3034,8,Bag
3035,8,Bag
3036,3,Dress
3037,6,Shirt
3038,3,Dress
3039,6,Shirt
3040,8,Bag
3041,6,Shirt
3042,2,Pullover
3043,5,Sandal
3044,9,Ankle boot
3045,2,Pullover
3046,3,Dress
3047,8,Bag
3048,3,Dress
3049,2,Pullover
3050,8,Bag
3051,3,Dress
3052,3,Dress
3053,1,Trouser
3054,1,Trouser
3055,3,Dress
3056,0,T-shirt/top
3057,1,Trouser
3058,8,Bag
3059,4,Coat
3060,1,Trouser
3061,5,Sandal
3062,8,Bag
3063,1,Trouser
3064,5,Sandal
3065,8,Bag
3066,0,T-shirt/top
3067,7,Sneaker
3068,7,Sneaker
3069,7,Sneaker
3070,5,Sandal
3071,9,Ankle boot
3072,9,Ankle boot
3073,5,Sandal
3074,3,Dress
3075,6,Shirt
3076,7,Sneaker
3077,8,Bag
3078,4,Coat
3079,5,Sandal
3080,1,Trouser
3081,6,Shirt
3082,2,Pullover
3083,2,Pullover
3084,2,Pullover
3085,3,Dress
3086,7,Sneaker
3087,7,Sneaker
3088,7,Sneaker
3089,7,Sneaker
3090,2,Pullover
3091,5,Sandal
3092,8,Bag
3093,5,Sandal
3094,8,Bag
3095,5,Sandal
3096,3,Dress
3097,0,T-shirt/top
3098,9,Ankle boot
3099,7,Sneaker
3100,2,Pullover
3101,0,T-shirt/top
3102,6,Shirt
3103,8,Bag
3104,4,Coat
3105,0,T-shirt/top
3106,7,Sneaker
3107,4,Coat
3108,7,Sneaker
3109,6,Shirt
3110,5,Sandal
3111,4,Coat
3112,7,Sneaker
3113,0,T-shirt/top
3114,0,T-shirt/top
3115,4,Coat
3116,0,T-shirt/top
3117,2,Pullover
3118,7,Sneaker
3119,8,Bag
3120,1,Trouser
3121,3,Dress
3122,8,Bag
3123,1,Trouser
3124,5,Sandal
3125,3,Dress
3126,6,Shirt
3127,1,Trouser
3128,1,Trouser
3129,6,Shirt
3130,6,Shirt
3131,9,Ankle boot
3132,8,Bag
3133,2,Pullover
3134,8,Bag
3135,2,Pullover
3136,7,Sneaker
3137,7,Sneaker
3138,1,Trouser
3139,3,Dress
3140,0,T-shirt/top
3141,3,Dress
3142,0,T-shirt/top
3143,7,Sneaker
3144,8,Bag
3145,7,Sneaker
3146,6,Shirt
3147,5,Sandal
3148,2,Pullover
3149,6,Shirt
3150,7,Sneaker
3151,5,Sandal
3152,5,Sandal
3153,8,Bag
3154,9,Ankle boot
3155,7,Sneaker
3156,3,Dress
3157,2,Pullover
3158,4,Coat
3159,8,Bag
3160,3,Dress
3161,9,Ankle boot
3162,5,Sandal
3163,7,Sneaker
3164,6,Shirt
3165,2,Pullover
3166,2,Pullover
3167,7,Sneaker
3168,3,Dress
3169,8,Bag
3170,5,Sandal
3171,1,Trouser
3172,8,Bag
3173,9,Ankle boot
3174,2,Pullover
3175,2,Pullover
3176,1,Trouser
3177,2,Pullover
3178,2,Pullover
3179,7,Sneaker
3180,4,Coat
3181,0,T-shirt/top
3182,4,Coat
3183,4,Coat
3184,8,Bag
3185,9,Ankle boot
3186,7,Sneaker
3187,9,Ankle boot
3188,2,Pullover
3189,2,Pullover
3190,8,Bag
3191,2,Pullover
3192,6,Shirt
3193,0,T-shirt/top
3194,6,Shirt
3195,3,Dress
3196,4,Coat
3197,1,Trouser
3198,5,Sandal
3199,2,Pullover
3200,7,Sneaker
3201,5,Sandal
3202,3,Dress
3203,7,Sneaker
3204,6,Shirt
3205,2,Pullover
3206,3,Dress
3207,5,Sandal
3208,1,Trouser
3209,1,Trouser
3210,0,T-shirt/top
3211,7,Sneaker
3212,3,Dress
3213,8,Bag
3214,8,Bag
3215,7,Sneaker
3216,7,Sneaker
3217,9,Ankle boot
3218,9,Ankle boot
3219,5,Sandal
3220,5,Sandal
3221,3,Dress
3222,0,T-shirt/top
3223,7,Sneaker
3224,1,Trouser
3225,4,Coat
3226,6,Shirt
3227,0,T-shirt/top
3228,9,Ankle boot
3229,9,Ankle boot
3230,6,Shirt
3231,0,T-shirt/top
3232,8,Bag
3233,0,T-shirt/top
3234,5,Sandal
3235,5,Sandal
3236,8,Bag
3237,8,Bag
3238,2,Pullover
3239,7,Sneaker
3240,6,Shirt
3241,6,Shirt
3242,4,Coat
3243,8,Bag
3244,1,Trouser
3245,6,Shirt
3246,4,Coat
3247,8,Bag
3248,0,T-shirt/top
3249,7,Sneaker
3250,5,Sandal
3251,8,Bag
3252,7,Sneaker
3253,7,Sneaker
3254,7,Sneaker
3255,5,Sandal
3256,3,Dress
3257,7,Sneaker
3258,6,Shirt
3259,3,Dress
3260,2,Pullover
3261,0,T-shirt/top
3262,3,Dress
3263,4,Coat
3264,2,Pullover
3265,0,T-shirt/top
3266,2,Pullover
3267,9,Ankle boot
3268,4,Coat
3269,5,Sandal
3270,2,Pullover
3271,4,Coat
3272,1,Trouser
3273,2,Pullover
3274,5,Sandal
3275,7,Sneaker
3276,0,T-shirt/top
3277,5,Sandal
3278,0,T-shirt/top
3279,2,Pullover
3280,5,Sandal
3281,0,T-shirt/top
3282,3,Dress
3283,6,Shirt
3284,0,T-shirt/top
3285,6,Shirt
3286,7,Sneaker
3287,2,Pullover
3288,7,Sneaker
3289,2,Pullover
3290,3,Dress
3291,4,Coat
3292,7,Sneaker
3293,1,Trouser
3294,4,Coat
3295,3,Dress
3296,4,Coat
3297,2,Pullover
3298,4,Coat
3299,3,Dress
3300,9,Ankle boot
3301,9,Ankle boot
3302,6,Shirt
3303,8,Bag
3304,0,T-shirt/top
3305,4,Coat
3306,0,T-shirt/top
3307,0,T-shirt/top
3308,1,Trouser
3309,9,Ankle boot
3310,3,Dress
3311,9,Ankle boot
3312,0,T-shirt/top
3313,8,Bag
3314,4,Coat
3315,9,Ankle boot
3316,4,Coat
3317,7,Sneaker
3318,9,Ankle boot
3319,1,Trouser
3320,5,Sandal
3321,8,Bag
3322,1,Trouser
3323,0,T-shirt/top
3324,2,Pullover
3325,2,Pullover
3326,4,Coat
3327,8,Bag
3328,3,Dress
3329,3,Dress
3330,3,Dress
3331,0,T-shirt/top
3332,3,Dress
3333,0,T-shirt/top
3334,3,Dress
3335,6,Shirt
3336,1,Trouser
3337,6,Shirt
3338,8,Bag
3339,4,Coat
3340,7,Sneaker
3341,3,Dress
3342,0,T-shirt/top
3343,2,Pullover
3344,5,Sandal
3345,8,Bag
3346,8,Bag
3347,8,Bag
3348,6,Shirt
3349,1,Trouser
3350,0,T-shirt/top
3351,8,Bag
3352,9,Ankle boot
3353,8,Bag
3354,5,Sandal
3355,8,Bag
3356,7,Sneaker
3357,0,T-shirt/top
3358,7,Sneaker
3359,2,Pullover
3360,7,Sneaker
3361,3,Dress
3362,5,Sandal
3363,5,Sandal
3364,8,Bag
3365,3,Dress
3366,2,Pullover
3367,8,Bag
3368,5,Sandal
3369,9,Ankle boot
3370,9,Ankle boot
3371,4,Coat
3372,0,T-shirt/top
3373,4,Coat
3374,7,Sneaker
3375,1,Trouser
3376,8,Bag
3377,8,Bag
3378,8,Bag
3379,7,Sneaker
3380,2,Pullover
3381,0,T-shirt/top
3382,9,Ankle boot
3383,7,Sneaker
3384,9,Ankle boot
3385,6,Shirt
3386,9,Ankle boot
3387,4,Coat
3388,1,Trouser
3389,4,Coat
3390,7,Sneaker
3391,2,Pullover
3392,5,Sandal
3393,2,Pullover
3394,6,Shirt
3395,2,Pullover
3396,9,Ankle boot
3397,0,T-shirt/top
3398,7,Sneaker
3399,1,Trouser
3400,9,Ankle boot
3401,7,Sneaker
3402,6,Shirt
3403,5,Sandal
3404,3,Dress
3405,8,Bag
3406,4,Coat
3407,9,Ankle boot
3408,3,Dress
3409,9,Ankle boot
3410,5,Sandal
3411,7,Sneaker
3412,5,Sandal
3413,1,Trouser
3414,3,Dress
3415,3,Dress
3416,4,Coat
3417,0,T-shirt/top
3418,7,Sneaker
3419,5,Sandal
3420,3,Dress
3421,5,Sandal
3422,9,Ankle boot
3423,8,Bag
3424,7,Sneaker
3425,7,Sneaker
3426,4,Coat
3427,6,Shirt
3428,5,Sandal
3429,5,Sandal
3430,3,Dress
3431,4,Coat
3432,8,Bag
3433,3,Dress
3434,0,T-shirt/top
3435,7,Sneaker
3436,2,Pullover
3437,3,Dress
3438,2,Pullover
3439,2,Pullover
3440,7,Sneaker
3441,4,Coat
3442,6,Shirt
3443,7,Sneaker
3444,1,Trouser
3445,4,Coat
3446,8,Bag
3447,1,Trouser
3448,4,Coat
3449,7,Sneaker
3450,8,Bag
3451,2,Pullover
3452,6,Shirt
3453,7,Sneaker
3454,2,Pullover
3455,6,Shirt
3456,2,Pullover
3457,2,Pullover
3458,4,Coat
3459,2,Pullover
3460,3,Dress
3461,0,T-shirt/top
3462,5,Sandal
3463,2,Pullover
3464,3,Dress
3465,2,Pullover
3466,8,Bag
3467,7,Sneaker
3468,0,T-shirt/top
3469,7,Sneaker
3470,4,Coat
3471,6,Shirt
3472,4,Coat
3473,8,Bag
3474,3,Dress
3475,5,Sandal
3476,1,Trouser
3477,3,Dress
3478,9,Ankle boot
3479,1,Trouser
3480,6,Shirt
3481,9,Ankle boot
3482,0,T-shirt/top
3483,7,Sneaker
3484,4,Coat
3485,2,Pullover
3486,0,T-shirt/top
3487,2,Pullover
3488,5,Sandal
3489,6,Shirt
3490,3,Dress
3491,5,Sandal
3492,2,Pullover
3493,5,Sandal
3494,1,Trouser
3495,7,Sneaker
3496,9,Ankle boot
3497,4,Coat
3498,6,Shirt
3499,7,Sneaker
3500,3,Dress
3501,0,T-shirt/top
3502,2,Pullover
3503,8,Bag
3504,1,Trouser
3505,0,T-shirt/top
3506,9,Ankle boot
3507,9,Ankle boot
3508,9,Ankle boot
3509,8,Bag
3510,2,Pullover
3511,6,Shirt
3512,9,Ankle boot
3513,7,Sneaker
3514,7,Sneaker
3515,5,Sandal
3516,8,Bag
3517,8,Bag
3518,7,Sneaker
3519,5,Sandal
3520,3,Dress
3521,5,Sandal
3522,5,Sandal
3523,0,T-shirt/top
3524,8,Bag
3525,9,Ankle boot
3526,7,Sneaker
3527,6,Shirt
3528,1,Trouser
3529,4,Coat
3530,7,Sneaker
3531,1,Trouser
3532,3,Dress
3533,6,Shirt
3534,3,Dress
3535,4,Coat
3536,6,Shirt
3537,9,Ankle boot
3538,4,Coat
3539,7,Sneaker
3540,7,Sneaker
3541,6,Shirt
3542,5,Sandal
3543,0,T-shirt/top
3544,8,Bag
3545,8,Bag
3546,2,Pullover
3547,8,Bag
3548,5,Sandal
3549,6,Shirt
3550,3,Dress
3551,7,Sneaker
3552,3,Dress
3553,3,Dress
3554,0,T-shirt/top
3555,4,Coat
3556,5,Sandal
3557,2,Pullover
3558,0,T-shirt/top
3559,7,Sneaker
3560,7,Sneaker
3561,7,Sneaker
3562,1,Trouser
3563,5,Sandal
3564,2,Pullover
3565,1,Trouser
3566,8,Bag
3567,5,Sandal
3568,2,Pullover
3569,2,Pullover
3570,8,Bag
3571,7,Sneaker
3572,7,Sneaker
3573,6,Shirt
3574,7,Sneaker
3575,1,Trouser
3576,6,Shirt
3577,9,Ankle boot
3578,5,Sandal
3579,3,Dress
3580,9,Ankle boot
3581,3,Dress
3582,5,Sandal
3583,0,T-shirt/top
3584,7,Sneaker
3585,4,Coat
3586,6,Shirt
3587,0,T-shirt/top
3588,1,Trouser
3589,6,Shirt
3590,5,Sandal
3591,9,Ankle boot
3592,3,Dress
3593,2,Pullover
3594,8,Bag
3595,5,Sandal
3596,7,Sneaker
3597,3,Dress
3598,1,Trouser
3599,4,Coat
3600,0,T-shirt/top
3601,8,Bag
3602,1,Trouser
3603,8,Bag
3604,5,Sandal
3605,6,Shirt
3606,9,Ankle boot
3607,3,Dress
3608,3,Dress
3609,8,Bag
3610,2,Pullover
3611,4,Coat
3612,2,Pullover
3613,0,T-shirt/top
3614,0,T-shirt/top
3615,4,Coat
3616,2,Pullover
3617,3,Dress
3618,4,Coat
3619,5,Sandal
3620,9,Ankle boot
3621,1,Trouser
3622,1,Trouser
3623,9,Ankle boot
3624,4,Coat
3625,7,Sneaker
3626,0,T-shirt/top
3627,3,Dress
3628,1,Trouser
3629,0,T-shirt/top
3630,0,T-shirt/top
3631,7,Sneaker
3632,7,Sneaker
3633,0,T-shirt/top
3634,7,Sneaker
3635,8,Bag
3636,0,T-shirt/top
3637,5,Sandal
3638,6,Shirt
3639,4,Coat
3640,3,Dress
3641,8,Bag
3642,9,Ankle boot
3643,7,Sneaker
3644,4,Coat
3645,9,Ankle boot
3646,5,Sandal
3647,3,Dress
3648,7,Sneaker
3649,2,Pullover
3650,4,Coat
3651,1,Trouser
3652,9,Ankle boot
3653,7,Sneaker
3654,8,Bag
3655,1,Trouser
3656,0,T-shirt/top
3657,9,Ankle boot
3658,3,Dress
3659,4,Coat
3660,7,Sneaker
3661,8,Bag
3662,6,Shirt
3663,5,Sandal
3664,8,Bag
3665,7,Sneaker
3666,9,Ankle boot
3667,9,Ankle boot
3668,7,Sneaker
3669,0,T-shirt/top
3670,4,Coat
3671,2,Pullover
3672,3,Dress
3673,4,Coat
3674,0,T-shirt/top
3675,9,Ankle boot
3676,5,Sandal
3677,3,Dress
3678,9,Ankle boot
3679,2,Pullover
3680,8,Bag
3681,8,Bag
3682,6,Shirt
3683,0,T-shirt/top
3684,4,Coat
3685,1,Trouser
3686,9,Ankle boot
3687,3,Dress
3688,3,Dress
3689,5,Sandal
3690,1,Trouser
3691,7,Sneaker
3692,5,Sandal
3693,9,Ankle boot
3694,2,Pullover
3695,8,Bag
3696,5,Sandal
3697,5,Sandal
3698,9,Ankle boot
3699,5,Sandal
3700,2,Pullover
3701,0,T-shirt/top
3702,7,Sneaker
3703,3,Dress
3704,5,Sandal
3705,4,Coat
3706,2,Pullover
3707,6,Shirt
3708,9,Ankle boot
3709,4,Coat
3710,8,Bag
3711,1,Trouser
3712,9,Ankle boot
3713,2,Pullover
3714,6,Shirt
3715,2,Pullover
3716,4,Coat
3717,8,Bag
3718,8,Bag
3719,7,Sneaker
3720,7,Sneaker
3721,4,Coat
3722,9,Ankle boot
3723,3,Dress
3724,9,Ankle boot
3725,6,Shirt
3726,8,Bag
3727,2,Pullover
3728,6,Shirt
3729,9,Ankle boot
3730,0,T-shirt/top
3731,3,Dress
3732,2,Pullover
3733,9,Ankle boot
3734,5,Sandal
3735,0,T-shirt/top
3736,4,Coat
3737,6,Shirt
3738,4,Coat
3739,1,Trouser
3740,1,Trouser
3741,1,Trouser
3742,8,Bag
3743,7,Sneaker
3744,8,Bag
3745,8,Bag
3746,7,Sneaker
3747,7,Sneaker
3748,6,Shirt
3749,9,Ankle boot
3750,7,Sneaker
3751,3,Dress
3752,6,Shirt
3753,0,T-shirt/top
3754,4,Coat
3755,0,T-shirt/top
3756,3,Dress
3757,6,Shirt
3758,8,Bag
3759,8,Bag
3760,8,Bag
3761,0,T-shirt/top
3762,2,Pullover
3763,3,Dress
3764,2,Pullover
3765,8,Bag
3766,4,Coat
3767,1,Trouser
3768,2,Pullover
3769,1,Trouser
3770,1,Trouser
3771,6,Shirt
3772,3,Dress
3773,2,Pullover
3774,2,Pullover
3775,8,Bag
3776,0,T-shirt/top
3777,0,T-shirt/top
3778,4,Coat
3779,1,Trouser
3780,3,Dress
3781,2,Pullover
3782,7,Sneaker
3783,0,T-shirt/top
3784,6,Shirt
3785,7,Sneaker
3786,9,Ankle boot
3787,9,Ankle boot
3788,6,Shirt
3789,7,Sneaker
3790,0,T-shirt/top
3791,9,Ankle boot
3792,9,Ankle boot
3793,8,Bag
3794,4,Coat
3795,8,Bag
3796,3,Dress
3797,4,Coat
3798,0,T-shirt/top
3799,9,Ankle boot
3800,4,Coat
3801,2,Pullover
3802,4,Coat
3803,3,Dress
3804,8,Bag
3805,3,Dress
3806,0,T-shirt/top
3807,6,Shirt
3808,9,Ankle boot
3809,6,Shirt
3810,4,Coat
3811,7,Sneaker
3812,3,Dress
3813,7,Sneaker
3814,8,Bag
3815,8,Bag
3816,2,Pullover
3817,4,Coat
3818,8,Bag
3819,8,Bag
3820,0,T-shirt/top
3821,1,Trouser
3822,5,Sandal
3823,8,Bag
3824,9,Ankle boot
3825,8,Bag
3826,7,Sneaker
3827,1,Trouser
3828,0,T-shirt/top
3829,3,Dress
3830,1,Trouser
3831,0,T-shirt/top
3832,0,T-shirt/top
3833,9,Ankle boot
3834,3,Dress
3835,9,Ankle boot
3836,9,Ankle boot
3837,1,Trouser
3838,5,Sandal
3839,9,Ankle boot
3840,4,Coat
3841,1,Trouser
3842,7,Sneaker
3843,0,T-shirt/top
3844,1,Trouser
3845,0,T-shirt/top
3846,5,Sandal
3847,3,Dress
3848,8,Bag
3849,8,Bag
3850,4,Coat
3851,1,Trouser
3852,7,Sneaker
3853,0,T-shirt/top
3854,5,Sandal
3855,0,T-shirt/top
3856,4,Coat
3857,1,Trouser
3858,7,Sneaker
3859,1,Trouser
3860,7,Sneaker
3861,9,Ankle boot
3862,4,Coat
3863,3,Dress
3864,9,Ankle boot
3865,2,Pullover
3866,2,Pullover
3867,9,Ankle boot
3868,3,Dress
3869,5,Sandal
3870,8,Bag
3871,8,Bag
3872,4,Coat
3873,4,Coat
3874,7,Sneaker
3875,7,Sneaker
3876,4,Coat
3877,2,Pullover
3878,0,T-shirt/top
3879,5,Sandal
3880,5,Sandal
3881,1,Trouser
3882,6,Shirt
3883,2,Pullover
3884,5,Sandal
3885,6,Shirt
3886,8,Bag
3887,5,Sandal
3888,6,Shirt
3889,9,Ankle boot
3890,1,Trouser
3891,3,Dress
3892,1,Trouser
3893,4,Coat
3894,5,Sandal
3895,9,Ankle boot
3896,0,T-shirt/top
3897,7,Sneaker
3898,0,T-shirt/top
3899,3,Dress
3900,5,Sandal
3901,6,Shirt
3902,1,Trouser
3903,5,Sandal
3904,8,Bag
3905,5,Sandal
3906,6,Shirt
3907,6,Shirt
3908,9,Ankle boot
3909,1,Trouser
3910,7,Sneaker
3911,1,Trouser
3912,7,Sneaker
3913,1,Trouser
3914,8,Bag
3915,0,T-shirt/top
3916,3,Dress
3917,4,Coat
3918,0,T-shirt/top
3919,2,Pullover
3920,0,T-shirt/top
3921,3,Dress
3922,3,Dress
3923,8,Bag
3924,8,Bag
3925,0,T-shirt/top
3926,3,Dress
3927,4,Coat
3928,8,Bag
3929,1,Trouser
3930,1,Trouser
3931,3,Dress
3932,3,Dress
3933,2,Pullover
3934,2,Pullover
3935,1,Trouser
3936,8,Bag
3937,3,Dress
3938,4,Coat
3939,6,Shirt
3940,2,Pullover
3941,4,Coat
3942,2,Pullover
3943,3,Dress
3944,9,Ankle boot
3945,2,Pullover
3946,3,Dress
3947,0,T-shirt/top
3948,4,Coat
3949,5,Sandal
3950,7,Sneaker
3951,1,Trouser
3952,6,Shirt
3953,1,Trouser
3954,2,Pullover
3955,0,T-shirt/top
3956,3,Dress
3957,8,Bag
3958,9,Ankle boot
3959,1,Trouser
3960,6,Shirt
3961,5,Sandal
3962,4,Coat
3963,8,Bag
3964,1,Trouser
3965,7,Sneaker
3966,1,Trouser
3967,6,Shirt
3968,4,Coat
3969,9,Ankle boot
3970,4,Coat
3971,6,Shirt
3972,1,Trouser
3973,5,Sandal
3974,3,Dress
3975,1,Trouser
3976,5,Sandal
3977,8,Bag
3978,7,Sneaker
3979,7,Sneaker
3980,7,Sneaker
3981,2,Pullover
3982,7,Sneaker
3983,5,Sandal
3984,4,Coat
3985,4,Coat
3986,2,Pullover
3987,0,T-shirt/top
3988,4,Coat
3989,2,Pullover
3990,9,Ankle boot
3991,9,Ankle boot
3992,5,Sandal
3993,8,Bag
3994,0,T-shirt/top
3995,4,Coat
3996,4,Coat
3997,1,Trouser
3998,3,Dress
3999,7,Sneaker
4000,9,Ankle boot
4001,0,T-shirt/top
4002,0,T-shirt/top
4003,9,Ankle boot
4004,8,Bag
4005,5,Sandal
4006,3,Dress
4007,0,T-shirt/top
4008,7,Sneaker
4009,1,Trouser
4010,9,Ankle boot
4011,5,Sandal
4012,8,Bag
4013,2,Pullover
4014,0,T-shirt/top
4015,9,Ankle boot
4016,9,Ankle boot
4017,1,Trouser
4018,2,Pullover
4019,0,T-shirt/top
4020,0,T-shirt/top
4021,2,Pullover
4022,4,Coat
4023,5,Sandal
4024,1,Trouser
4025,0,T-shirt/top
4026,4,Coat
4027,8,Bag
4028,3,Dress
4029,4,Coat
4030,8,Bag
4031,3,Dress
4032,4,Coat
4033,0,T-shirt/top
4034,0,T-shirt/top
4035,3,Dress
4036,6,Shirt
4037,7,Sneaker
4038,4,Coat
4039,4,Coat
4040,1,Trouser
4041,7,Sneaker
4042,3,Dress
4043,6,Shirt
4044,7,Sneaker
4045,9,Ankle boot
4046,9,Ankle boot
4047,1,Trouser
4048,5,Sandal
4049,7,Sneaker
4050,9,Ankle boot
4051,1,Trouser
4052,4,Coat
4053,6,Shirt
4054,1,Trouser
4055,2,Pullover
4056,8,Bag
4057,4,Coat
4058,5,Sandal
4059,5,Sandal
4060,8,Bag
4061,0,T-shirt/top
4062,6,Shirt
4063,2,Pullover
4064,7,Sneaker
4065,2,Pullover
4066,7,Sneaker
4067,5,Sandal
4068,6,Shirt
4069,8,Bag
4070,7,Sneaker
4071,8,Bag
4072,4,Coat
4073,4,Coat
4074,9,Ankle boot
4075,2,Pullover
4076,5,Sandal
4077,5,Sandal
4078,9,Ankle boot
4079,9,Ankle boot
4080,4,Coat
4081,4,Coat
4082,2,Pullover
4083,6,Shirt
4084,6,Shirt
4085,6,Shirt
4086,8,Bag
4087,7,Sneaker
4088,6,Shirt
4089,6,Shirt
4090,7,Sneaker
4091,5,Sandal
4092,2,Pullover
4093,9,Ankle boot
4094,0,T-shirt/top
4095,3,Dress
4096,4,Coat
4097,4,Coat
4098,8,Bag
4099,4,Coat
4100,0,T-shirt/top
4101,2,Pullover
4102,9,Ankle boot
4103,0,T-shirt/top
4104,5,Sandal
4105,2,Pullover
4106,6,Shirt
4107,2,Pullover
4108,8,Bag
4109,0,T-shirt/top
4110,0,T-shirt/top
4111,2,Pullover
4112,0,T-shirt/top
4113,2,Pullover
4114,5,Sandal
4115,5,Sandal
4116,8,Bag
4117,0,T-shirt/top
4118,7,Sneaker
4119,0,T-shirt/top
4120,8,Bag
4121,9,Ankle boot
4122,0,T-shirt/top
4123,2,Pullover
4124,1,Trouser
4125,4,Coat
4126,5,Sandal
4127,1,Trouser
4128,0,T-shirt/top
4129,2,Pullover
4130,9,Ankle boot
4131,6,Shirt
4132,4,Coat
4133,5,Sandal
4134,9,Ankle boot
4135,1,Trouser
4136,4,Coat
4137,3,Dress
4138,1,Trouser
4139,6,Shirt
4140,8,Bag
4141,0,T-shirt/top
4142,3,Dress
4143,3,Dress
4144,6,Shirt
4145,2,Pullover
4146,0,T-shirt/top
4147,2,Pullover
4148,3,Dress
4149,8,Bag
4150,5,Sandal
4151,2,Pullover
4152,3,Dress
4153,2,Pullover
4154,0,T-shirt/top
4155,2,Pullover
4156,5,Sandal
4157,4,Coat
4158,0,T-shirt/top
4159,1,Trouser
4160,0,T-shirt/top
4161,4,Coat
4162,2,Pullover
4163,6,Shirt
4164,7,Sneaker
4165,9,Ankle boot
4166,6,Shirt
4167,4,Coat
4168,3,Dress
4169,3,Dress
4170,0,T-shirt/top
4171,8,Bag
4172,5,Sandal
4173,4,Coat
4174,4,Coat
4175,0,T-shirt/top
4176,3,Dress
4177,3,Dress
4178,5,Sandal
4179,2,Pullover
4180,5,Sandal
4181,1,Trouser
4182,5,Sandal
4183,7,Sneaker
4184,1,Trouser
4185,7,Sneaker
4186,5,Sandal
4187,2,Pullover
4188,1,Trouser
4189,8,Bag
4190,8,Bag
4191,0,T-shirt/top
4192,9,Ankle boot
4193,0,T-shirt/top
4194,0,T-shirt/top
4195,0,T-shirt/top
4196,3,Dress
4197,6,Shirt
4198,1,Trouser
4199,8,Bag
4200,3,Dress
4201,4,Coat
4202,2,Pullover
4203,1,Trouser
4204,2,Pullover
4205,0,T-shirt/top
4206,3,Dress
4207,0,T-shirt/top
4208,8,Bag
4209,5,Sandal
4210,1,Trouser
4211,5,Sandal
4212,0,T-shirt/top
4213,2,Pullover
4214,0,T-shirt/top
4215,3,Dress
4216,9,Ankle boot
4217,8,Bag
4218,2,Pullover
4219,0,T-shirt/top
4220,1,Trouser
4221,0,T-shirt/top
4222,2,Pullover
4223,6,Shirt
4224,2,Pullover
4225,6,Shirt
4226,3,Dress
4227,7,Sneaker
4228,5,Sandal
4229,0,T-shirt/top
4230,6,Shirt
4231,2,Pullover
4232,0,T-shirt/top
4233,8,Bag
4234,2,Pullover
4235,2,Pullover
4236,1,Trouser
4237,8,Bag
4238,6,Shirt
4239,8,Bag
4240,2,Pullover
4241,9,Ankle boot
4242,2,Pullover
4243,6,Shirt
4244,8,Bag
4245,5,Sandal
4246,2,Pullover
4247,7,Sneaker
4248,1,Trouser
4249,2,Pullover
4250,2,Pullover
4251,6,Shirt
4252,6,Shirt
4253,6,Shirt
4254,8,Bag
4255,5,Sandal
4256,2,Pullover
4257,1,Trouser
4258,5,Sandal
4259,2,Pullover
4260,8,Bag
4261,2,Pullover
4262,9,Ankle boot
4263,3,Dress
4264,6,Shirt
4265,3,Dress
4266,6,Shirt
4267,4,Coat
4268,2,Pullover
4269,7,Sneaker
4270,7,Sneaker
4271,9,Ankle boot
4272,6,Shirt
4273,2,Pullover
4274,9,Ankle boot
4275,8,Bag
4276,0,T-shirt/top
4277,5,Sandal
4278,8,Bag
4279,7,Sneaker
4280,7,Sneaker
4281,0,T-shirt/top
4282,7,Sneaker
4283,7,Sneaker
4284,0,T-shirt/top
4285,7,Sneaker
4286,7,Sneaker
4287,2,Pullover
4288,5,Sandal
4289,7,Sneaker
4290,4,Coat
4291,2,Pullover
4292,2,Pullover
4293,3,Dress
4294,8,Bag
4295,0,T-shirt/top
4296,1,Trouser
4297,9,Ankle boot
4298,8,Bag
4299,0,T-shirt/top
4300,2,Pullover
4301,4,Coat
4302,8,Bag
4303,3,Dress
4304,8,Bag
4305,0,T-shirt/top
4306,7,Sneaker
4307,6,Shirt
4308,1,Trouser
4309,3,Dress
4310,8,Bag
4311,1,Trouser
4312,3,Dress
4313,8,Bag
4314,7,Sneaker
4315,3,Dress
4316,0,T-shirt/top
4317,3,Dress
4318,4,Coat
4319,8,Bag
4320,8,Bag
4321,9,Ankle boot
4322,1,Trouser
4323,3,Dress
4324,2,Pullover
4325,1,Trouser
4326,4,Coat
4327,8,Bag
4328,0,T-shirt/top
4329,4,Coat
4330,2,Pullover
4331,7,Sneaker
4332,3,Dress
4333,9,Ankle boot
4334,4,Coat
4335,9,Ankle boot
4336,0,T-shirt/top
4337,4,Coat
4338,6,Shirt
4339,5,Sandal
4340,7,Sneaker
4341,0,T-shirt/top
4342,8,Bag
4343,1,Trouser
4344,7,Sneaker
4345,5,Sandal
4346,4,Coat
4347,9,Ankle boot
4348,5,Sandal
4349,7,Sneaker
4350,3,Dress
4351,2,Pullover
4352,0,T-shirt/top
4353,9,Ankle boot
4354,8,Bag
4355,7,Sneaker
4356,3,Dress
4357,7,Sneaker
4358,7,Sneaker
4359,4,Coat
4360,7,Sneaker
4361,5,Sandal
4362,8,Bag
4363,5,Sandal
4364,4,Coat
4365,4,Coat
4366,6,Shirt
4367,2,Pullover
4368,3,Dress
4369,8,Bag
4370,9,Ankle boot
4371,7,Sneaker
4372,1,Trouser
4373,3,Dress
4374,4,Coat
4375,2,Pullover
4376,9,Ankle boot
4377,7,Sneaker
4378,1,Trouser
4379,2,Pullover
4380,2,Pullover
4381,6,Shirt
4382,6,Shirt
4383,5,Sandal
4384,5,Sandal
4385,4,Coat
4386,5,Sandal
4387,2,Pullover
4388,8,Bag
4389,9,Ankle boot
4390,4,Coat
4391,9,Ankle boot
4392,9,Ankle boot
4393,1,Trouser
4394,4,Coat
4395,8,Bag
4396,1,Trouser
4397,5,Sandal
4398,5,Sandal
4399,5,Sandal
4400,4,Coat
4401,8,Bag
4402,1,Trouser
4403,5,Sandal
4404,5,Sandal
4405,7,Sneaker
4406,7,Sneaker
4407,9,Ankle boot
4408,8,Bag
4409,3,Dress
4410,1,Trouser
4411,1,Trouser
4412,4,Coat
4413,6,Shirt
4414,6,Shirt
4415,9,Ankle boot
4416,3,Dress
4417,4,Coat
4418,6,Shirt
4419,4,Coat
4420,8,Bag
4421,2,Pullover
4422,5,Sandal
4423,4,Coat
4424,9,Ankle boot
4425,0,T-shirt/top
4426,2,Pullover
4427,8,Bag
4428,4,Coat
4429,8,Bag
4430,6,Shirt
4431,3,Dress
4432,6,Shirt
4433,1,Trouser
4434,4,Coat
4435,3,Dress
4436,3,Dress
4437,8,Bag
4438,4,Coat
4439,9,Ankle boot
4440,9,Ankle boot
4441,0,T-shirt/top
4442,7,Sneaker
4443,9,Ankle boot
4444,5,Sandal
4445,3,Dress
4446,1,Trouser
4447,7,Sneaker
4448,2,Pullover
4449,8,Bag
4450,4,Coat
4451,9,Ankle boot
4452,0,T-shirt/top
4453,1,Trouser
4454,6,Shirt
4455,0,T-shirt/top
4456,5,Sandal
4457,8,Bag
4458,1,Trouser
4459,9,Ankle boot
4460,3,Dress
4461,6,Shirt
4462,8,Bag
4463,3,Dress
4464,8,Bag
4465,4,Coat
4466,2,Pullover
4467,5,Sandal
4468,6,Shirt
4469,9,Ankle boot
4470,0,T-shirt/top
4471,1,Trouser
4472,2,Pullover
4473,0,T-shirt/top
4474,7,Sneaker
4475,9,Ankle boot
4476,0,T-shirt/top
4477,1,Trouser
4478,3,Dress
4479,9,Ankle boot
4480,5,Sandal
4481,1,Trouser
4482,4,Coat
4483,1,Trouser
4484,1,Trouser
4485,3,Dress
4486,8,Bag
4487,0,T-shirt/top
4488,9,Ankle boot
4489,5,Sandal
4490,4,Coat
4491,4,Coat
4492,3,Dress
4493,7,Sneaker
4494,7,Sneaker
4495,7,Sneaker
4496,2,Pullover
4497,3,Dress
4498,9,Ankle boot
4499,1,Trouser
4500,9,Ankle boot
4501,4,Coat
4502,4,Coat
4503,0,T-shirt/top
4504,7,Sneaker
4505,6,Shirt
4506,8,Bag
4507,7,Sneaker
4508,7,Sneaker
4509,6,Shirt
4510,3,Dress
4511,4,Coat
4512,7,Sneaker
4513,0,T-shirt/top
4514,4,Coat
4515,0,T-shirt/top
4516,2,Pullover
4517,7,Sneaker
4518,9,Ankle boot
4519,6,Shirt
4520,1,Trouser
4521,1,Trouser
4522,2,Pullover
4523,0,T-shirt/top
4524,8,Bag
4525,8,Bag
4526,7,Sneaker
4527,6,Shirt
4528,2,Pullover
4529,7,Sneaker
4530,5,Sandal
4531,7,Sneaker
4532,6,Shirt
4533,1,Trouser
4534,8,Bag
4535,1,Trouser
4536,4,Coat
4537,9,Ankle boot
4538,8,Bag
4539,9,Ankle boot
4540,0,T-shirt/top
4541,1,Trouser
4542,0,T-shirt/top
4543,6,Shirt
4544,0,T-shirt/top
4545,3,Dress
4546,0,T-shirt/top
4547,6,Shirt
4548,4,Coat
4549,1,Trouser
4550,9,Ankle boot
4551,7,Sneaker
4552,1,Trouser
4553,2,Pullover
4554,2,Pullover
4555,5,Sandal
4556,3,Dress
4557,4,Coat
4558,1,Trouser
4559,7,Sneaker
4560,2,Pullover
4561,7,Sneaker
4562,0,T-shirt/top
4563,2,Pullover
4564,8,Bag
4565,8,Bag
4566,1,Trouser
4567,4,Coat
4568,9,Ankle boot
4569,7,Sneaker
4570,3,Dress
4571,3,Dress
4572,4,Coat
4573,9,Ankle boot
4574,3,Dress
4575,9,Ankle boot
4576,8,Bag
4577,5,Sandal
4578,3,Dress
4579,8,Bag
4580,4,Coat
4581,7,Sneaker
4582,1,Trouser
4583,4,Coat
4584,1,Trouser
4585,9,Ankle boot
4586,6,Shirt
4587,8,Bag
4588,3,Dress
4589,2,Pullover
4590,4,Coat
4591,8,Bag
4592,1,Trouser
4593,1,Trouser
4594,5,Sandal
4595,8,Bag
4596,8,Bag
4597,1,Trouser
4598,6,Shirt
4599,2,Pullover
4600,9,Ankle boot
4601,0,T-shirt/top
4602,9,Ankle boot
4603,5,Sandal
4604,3,Dress
4605,5,Sandal
4606,0,T-shirt/top
4607,6,Shirt
4608,5,Sandal
4609,6,Shirt
4610,8,Bag
4611,3,Dress
4612,8,Bag
4613,0,T-shirt/top
4614,2,Pullover
4615,9,Ankle boot
4616,5,Sandal
4617,1,Trouser
4618,5,Sandal
4619,3,Dress
4620,2,Pullover
4621,6,Shirt
4622,5,Sandal
4623,3,Dress
4624,0,T-shirt/top
4625,3,Dress
4626,0,T-shirt/top
4627,7,Sneaker
4628,4,Coat
4629,0,T-shirt/top
4630,4,Coat
4631,1,Trouser
4632,9,Ankle boot
4633,9,Ankle boot
4634,1,Trouser
4635,7,Sneaker
4636,5,Sandal
4637,5,Sandal
4638,5,Sandal
4639,9,Ankle boot
4640,4,Coat
4641,8,Bag
4642,2,Pullover
4643,6,Shirt
4644,6,Shirt
4645,4,Coat
4646,4,Coat
4647,2,Pullover
4648,1,Trouser
4649,1,Trouser
4650,4,Coat
4651,2,Pullover
4652,8,Bag
4653,2,Pullover
4654,9,Ankle boot
4655,0,T-shirt/top
4656,5,Sandal
4657,8,Bag
4658,1,Trouser
4659,3,Dress
4660,8,Bag
4661,3,Dress
4662,2,Pullover
4663,4,Coat
4664,8,Bag
4665,3,Dress
4666,2,Pullover
4667,9,Ankle boot
4668,3,Dress
4669,2,Pullover
4670,9,Ankle boot
4671,7,Sneaker
4672,4,Coat
4673,2,Pullover
4674,2,Pullover
4675,6,Shirt
4676,8,Bag
4677,9,Ankle boot
4678,6,Shirt
4679,2,Pullover
4680,4,Coat
4681,7,Sneaker
4682,7,Sneaker
4683,9,Ankle boot
4684,7,Sneaker
4685,3,Dress
4686,4,Coat
4687,9,Ankle boot
4688,4,Coat
4689,7,Sneaker
4690,3,Dress
4691,0,T-shirt/top
4692,2,Pullover
4693,0,T-shirt/top
4694,9,Ankle boot
4695,4,Coat
4696,3,Dress
4697,3,Dress
4698,1,Trouser
4699,9,Ankle boot
4700,5,Sandal
4701,8,Bag
4702,2,Pullover
4703,3,Dress
4704,5,Sandal
4705,0,T-shirt/top
4706,0,T-shirt/top
4707,4,Coat
4708,5,Sandal
4709,8,Bag
4710,3,Dress
4711,5,Sandal
4712,3,Dress
4713,7,Sneaker
4714,7,Sneaker
4715,6,Shirt
4716,0,T-shirt/top
4717,9,Ankle boot
4718,5,Sandal
4719,1,Trouser
4720,4,Coat
4721,4,Coat
4722,5,Sandal
4723,3,Dress
4724,0,T-shirt/top
4725,3,Dress
4726,1,Trouser
4727,4,Coat
4728,0,T-shirt/top
4729,5,Sandal
4730,4,Coat
4731,8,Bag
4732,5,Sandal
4733,7,Sneaker
4734,3,Dress
4735,0,T-shirt/top
4736,8,Bag
4737,3,Dress
4738,5,Sandal
4739,4,Coat
4740,4,Coat
4741,9,Ankle boot
4742,8,Bag
4743,9,Ankle boot
4744,5,Sandal
4745,8,Bag
4746,1,Trouser
4747,7,Sneaker
4748,5,Sandal
4749,0,T-shirt/top
4750,1,Trouser
4751,5,Sandal
4752,4,Coat
4753,3,Dress
4754,3,Dress
4755,3,Dress
4756,4,Coat
4757,4,Coat
4758,3,Dress
4759,6,Shirt
4760,7,Sneaker
4761,8,Bag
4762,0,T-shirt/top
4763,9,Ankle boot
4764,6,Shirt
4765,3,Dress
4766,0,T-shirt/top
4767,4,Coat
4768,2,Pullover
4769,7,Sneaker
4770,3,Dress
4771,5,Sandal
4772,7,Sneaker
4773,3,Dress
4774,7,Sneaker
4775,8,Bag
4776,4,Coat
4777,6,Shirt
4778,6,Shirt
4779,2,Pullover
4780,3,Dress
4781,1,Trouser
4782,0,T-shirt/top
4783,7,Sneaker
4784,5,Sandal
4785,6,Shirt
4786,6,Shirt
4787,4,Coat
4788,1,Trouser
4789,1,Trouser
4790,4,Coat
4791,7,Sneaker
4792,2,Pullover
4793,3,Dress
4794,5,Sandal
4795,5,Sandal
4796,0,T-shirt/top
4797,2,Pullover
4798,4,Coat
4799,4,Coat
4800,8,Bag
4801,9,Ankle boot
4802,9,Ankle boot
4803,2,Pullover
4804,0,T-shirt/top
4805,9,Ankle boot
4806,8,Bag
4807,3,Dress
4808,7,Sneaker
4809,3,Dress
4810,1,Trouser
4811,4,Coat
4812,5,Sandal
4813,0,T-shirt/top
4814,1,Trouser
4815,8,Bag
4816,5,Sandal
4817,8,Bag
4818,4,Coat
4819,0,T-shirt/top
4820,7,Sneaker
4821,8,Bag
4822,9,Ankle boot
4823,2,Pullover
4824,4,Coat
4825,6,Shirt
4826,3,Dress
4827,2,Pullover
4828,2,Pullover
4829,4,Coat
4830,7,Sneaker
4831,9,Ankle boot
4832,1,Trouser
4833,9,Ankle boot
4834,7,Sneaker
4835,4,Coat
4836,5,Sandal
4837,6,Shirt
4838,3,Dress
4839,2,Pullover
4840,4,Coat
4841,5,Sandal
4842,6,Shirt
4843,0,T-shirt/top
4844,5,Sandal
4845,8,Bag
4846,6,Shirt
4847,4,Coat
4848,6,Shirt
4849,9,Ankle boot
4850,4,Coat
4851,7,Sneaker
4852,8,Bag
4853,0,T-shirt/top
4854,0,T-shirt/top
4855,2,Pullover
4856,7,Sneaker
4857,7,Sneaker
4858,5,Sandal
4859,9,Ankle boot
4860,5,Sandal
4861,7,Sneaker
4862,3,Dress
4863,8,Bag
4864,7,Sneaker
4865,5,Sandal
4866,9,Ankle boot
4867,9,Ankle boot
4868,8,Bag
4869,2,Pullover
4870,1,Trouser
4871,0,T-shirt/top
4872,8,Bag
4873,0,T-shirt/top
4874,2,Pullover
4875,2,Pullover
4876,7,Sneaker
4877,9,Ankle boot
4878,2,Pullover
4879,2,Pullover
4880,5,Sandal
4881,2,Pullover
4882,3,Dress
4883,4,Coat
4884,1,Trouser
4885,1,Trouser
4886,9,Ankle boot
4887,0,T-shirt/top
4888,5,Sandal
4889,5,Sandal
4890,4,Coat
4891,9,Ankle boot
4892,8,Bag
4893,9,Ankle boot
4894,0,T-shirt/top
4895,9,Ankle boot
4896,4,Coat
4897,0,T-shirt/top
4898,6,Shirt
4899,5,Sandal
4900,7,Sneaker
4901,8,Bag
4902,4,Coat
4903,8,Bag
4904,8,Bag
4905,7,Sneaker
4906,4,Coat
4907,9,Ankle boot
4908,3,Dress
4909,9,Ankle boot
4910,6,Shirt
4911,9,Ankle boot
4912,7,Sneaker
4913,3,Dress
4914,9,Ankle boot
4915,9,Ankle boot
4916,3,Dress
4917,6,Shirt
4918,0,T-shirt/top
4919,2,Pullover
4920,4,Coat
4921,7,Sneaker
4922,9,Ankle boot
4923,3,Dress
4924,0,T-shirt/top
4925,0,T-shirt/top
4926,4,Coat
4927,1,Trouser
4928,0,T-shirt/top
4929,3,Dress
4930,8,Bag
4931,4,Coat
4932,8,Bag
4933,4,Coat
4934,4,Coat
4935,2,Pullover
4936,3,Dress
4937,9,Ankle boot
4938,7,Sneaker
4939,7,Sneaker
4940,8,Bag
4941,5,Sandal
4942,6,Shirt
4943,3,Dress
4944,2,Pullover
4945,1,Trouser
4946,8,Bag
4947,3,Dress
4948,8,Bag
4949,7,Sneaker
4950,4,Coat
4951,2,Pullover
4952,3,Dress
4953,0,T-shirt/top
4954,8,Bag
4955,3,Dress
4956,3,Dress
4957,2,Pullover
4958,9,Ankle boot
4959,0,T-shirt/top
4960,9,Ankle boot
4961,9,Ankle boot
4962,0,T-shirt/top
4963,1,Trouser
4964,8,Bag
4965,3,Dress
4966,6,Shirt
4967,3,Dress
4968,8,Bag
4969,6,Shirt
4970,8,Bag
4971,5,Sandal
4972,1,Trouser
4973,3,Dress
4974,6,Shirt
4975,1,Trouser
4976,9,Ankle boot
4977,3,Dress
4978,5,Sandal
4979,0,T-shirt/top
4980,6,Shirt
4981,2,Pullover
4982,3,Dress
4983,1,Trouser
4984,5,Sandal
4985,3,Dress
4986,2,Pullover
4987,8,Bag
4988,5,Sandal
4989,7,Sneaker
4990,8,Bag
4991,0,T-shirt/top
4992,1,Trouser
4993,1,Trouser
4994,0,T-shirt/top
4995,6,Shirt
4996,4,Coat
4997,5,Sandal
4998,9,Ankle boot
4999,0,T-shirt/top
5000,7,Sneaker
5001,2,Pullover
5002,3,Dress
5003,8,Bag
5004,4,Coat
5005,4,Coat
5006,3,Dress
5007,3,Dress
5008,9,Ankle boot
5009,4,Coat
5010,7,Sneaker
5011,0,T-shirt/top
5012,8,Bag
5013,2,Pullover
5014,5,Sandal
5015,6,Shirt
5016,4,Coat
5017,0,T-shirt/top
5018,1,Trouser
5019,3,Dress
5020,9,Ankle boot
5021,4,Coat
5022,2,Pullover
5023,5,Sandal
5024,6,Shirt
5025,5,Sandal
5026,1,Trouser
5027,4,Coat
5028,5,Sandal
5029,6,Shirt
5030,0,T-shirt/top
5031,8,Bag
5032,0,T-shirt/top
5033,6,Shirt
5034,9,Ankle boot
5035,1,Trouser
5036,3,Dress
5037,3,Dress
5038,0,T-shirt/top
5039,5,Sandal
5040,5,Sandal
5041,4,Coat
5042,6,Shirt
5043,1,Trouser
5044,4,Coat
5045,9,Ankle boot
5046,7,Sneaker
5047,2,Pullover
5048,4,Coat
5049,7,Sneaker
5050,5,Sandal
5051,7,Sneaker
5052,1,Trouser
5053,4,Coat
5054,7,Sneaker
5055,7,Sneaker
5056,9,Ankle boot
5057,7,Sneaker
5058,7,Sneaker
5059,0,T-shirt/top
5060,2,Pullover
5061,9,Ankle boot
5062,2,Pullover
5063,5,Sandal
5064,0,T-shirt/top
5065,7,Sneaker
5066,8,Bag
5067,2,Pullover
5068,5,Sandal
5069,2,Pullover
5070,7,Sneaker
5071,3,Dress
5072,3,Dress
5073,2,Pullover
5074,5,Sandal
5075,9,Ankle boot
5076,2,Pullover
5077,5,Sandal
5078,7,Sneaker
5079,7,Sneaker
5080,3,Dress
5081,8,Bag
5082,3,Dress
5083,9,Ankle boot
5084,6,Shirt
5085,7,Sneaker
5086,3,Dress
5087,0,T-shirt/top
5088,7,Sneaker
5089,6,Shirt
5090,9,Ankle boot
5091,5,Sandal
5092,1,Trouser
5093,3,Dress
5094,6,Shirt
5095,9,Ankle boot
5096,3,Dress
5097,4,Coat
5098,2,Pullover
5099,5,Sandal
5100,3,Dress
5101,4,Coat
5102,9,Ankle boot
5103,9,Ankle boot
5104,1,Trouser
5105,2,Pullover
5106,2,Pullover
5107,2,Pullover
5108,4,Coat
5109,3,Dress
5110,8,Bag
5111,7,Sneaker
5112,9,Ankle boot
5113,9,Ankle boot
5114,4,Coat
5115,8,Bag
5116,8,Bag
5117,9,Ankle boot
5118,0,T-shirt/top
5119,7,Sneaker
5120,6,Shirt
5121,4,Coat
5122,3,Dress
5123,8,Bag
5124,2,Pullover
5125,4,Coat
5126,4,Coat
5127,0,T-shirt/top
5128,1,Trouser
5129,4,Coat
5130,0,T-shirt/top
5131,2,Pullover
5132,1,Trouser
5133,5,Sandal
5134,4,Coat
5135,6,Shirt
5136,6,Shirt
5137,0,T-shirt/top
5138,3,Dress
5139,4,Coat
5140,5,Sandal
5141,6,Shirt
5142,8,Bag
5143,7,Sneaker
5144,6,Shirt
5145,6,Shirt
5146,3,Dress
5147,1,Trouser
5148,8,Bag
5149,4,Coat
5150,8,Bag
5151,9,Ankle boot
5152,9,Ankle boot
5153,5,Sandal
5154,5,Sandal
5155,8,Bag
5156,2,Pullover
5157,5,Sandal
5158,4,Coat
5159,4,Coat
5160,2,Pullover
5161,5,Sandal
5162,4,Coat
5163,9,Ankle boot
5164,2,Pullover
5165,7,Sneaker
5166,1,Trouser
5167,0,T-shirt/top
5168,2,Pullover
5169,4,Coat
5170,6,Shirt
5171,9,Ankle boot
5172,8,Bag
5173,0,T-shirt/top
5174,4,Coat
5175,9,Ankle boot
5176,1,Trouser
5177,9,Ankle boot
5178,4,Coat
5179,7,Sneaker
5180,3,Dress
5181,5,Sandal
5182,4,Coat
5183,3,Dress
5184,4,Coat
5185,2,Pullover
5186,1,Trouser
5187,0,T-shirt/top
5188,2,Pullover
5189,4,Coat
5190,3,Dress
5191,7,Sneaker
5192,8,Bag
5193,4,Coat
5194,5,Sandal
5195,5,Sandal
5196,9,Ankle boot
5197,0,T-shirt/top
5198,4,Coat
5199,3,Dress
5200,4,Coat
5201,5,Sandal
5202,5,Sandal
5203,5,Sandal
5204,7,Sneaker
5205,6,Shirt
5206,1,Trouser
5207,3,Dress
5208,3,Dress
5209,7,Sneaker
5210,0,T-shirt/top
5211,5,Sandal
5212,7,Sneaker
5213,6,Shirt
5214,8,Bag
5215,3,Dress
5216,5,Sandal
5217,5,Sandal
5218,8,Bag
5219,1,Trouser
5220,9,Ankle boot
5221,4,Coat
5222,0,T-shirt/top
5223,4,Coat
5224,2,Pullover
5225,1,Trouser
5226,6,Shirt
5227,0,T-shirt/top
5228,1,Trouser
5229,2,Pullover
5230,9,Ankle boot
5231,0,T-shirt/top
5232,8,Bag
5233,1,Trouser
5234,1,Trouser
5235,7,Sneaker
5236,8,Bag
5237,2,Pullover
5238,5,Sandal
5239,9,Ankle boot
5240,0,T-shirt/top
5241,8,Bag
5242,3,Dress
5243,4,Coat
5244,4,Coat
5245,2,Pullover
5246,7,Sneaker
5247,0,T-shirt/top
5248,7,Sneaker
5249,0,T-shirt/top
5250,3,Dress
5251,2,Pullover
5252,1,Trouser
5253,7,Sneaker
5254,1,Trouser
5255,6,Shirt
5256,2,Pullover
5257,3,Dress
5258,4,Coat
5259,0,T-shirt/top
5260,0,T-shirt/top
5261,6,Shirt
5262,4,Coat
5263,8,Bag
5264,7,Sneaker
5265,0,T-shirt/top
5266,3,Dress
5267,0,T-shirt/top
5268,4,Coat
5269,7,Sneaker
5270,3,Dress
5271,3,Dress
5272,6,Shirt
5273,0,T-shirt/top
5274,2,Pullover
5275,4,Coat
5276,4,Coat
5277,1,Trouser
5278,8,Bag
5279,1,Trouser
5280,9,Ankle boot
5281,1,Trouser
5282,2,Pullover
5283,2,Pullover
5284,4,Coat
5285,6,Shirt
5286,9,Ankle boot
5287,3,Dress
5288,3,Dress
5289,5,Sandal
5290,3,Dress
5291,5,Sandal
5292,8,Bag
5293,3,Dress
5294,9,Ankle boot
5295,7,Sneaker
5296,3,Dress
5297,0,T-shirt/top
5298,6,Shirt
5299,1,Trouser
5300,6,Shirt
5301,1,Trouser
5302,0,T-shirt/top
5303,7,Sneaker
5304,7,Sneaker
5305,2,Pullover
5306,8,Bag
5307,9,Ankle boot
5308,6,Shirt
5309,1,Trouser
5310,5,Sandal
5311,4,Coat
5312,9,Ankle boot
5313,4,Coat
5314,7,Sneaker
5315,9,Ankle boot
5316,9,Ankle boot
5317,9,Ankle boot
5318,6,Shirt
5319,1,Trouser
5320,0,T-shirt/top
5321,9,Ankle boot
5322,9,Ankle boot
5323,5,Sandal
5324,1,Trouser
5325,7,Sneaker
5326,2,Pullover
5327,9,Ankle boot
5328,3,Dress
5329,5,Sandal
5330,6,Shirt
5331,8,Bag
5332,1,Trouser
5333,7,Sneaker
5334,3,Dress
5335,3,Dress
5336,8,Bag
5337,2,Pullover
5338,7,Sneaker
5339,8,Bag
5340,8,Bag
5341,9,Ankle boot
5342,8,Bag
5343,8,Bag
5344,4,Coat
5345,5,Sandal
5346,6,Shirt
5347,4,Coat
5348,5,Sandal
5349,9,Ankle boot
5350,6,Shirt
5351,0,T-shirt/top
5352,5,Sandal
5353,3,Dress
5354,7,Sneaker
5355,7,Sneaker
5356,4,Coat
5357,4,Coat
5358,7,Sneaker
5359,4,Coat
5360,5,Sandal
5361,8,Bag
5362,3,Dress
5363,7,Sneaker
5364,2,Pullover
5365,7,Sneaker
5366,3,Dress
5367,8,Bag
5368,8,Bag
5369,8,Bag
5370,7,Sneaker
5371,8,Bag
5372,6,Shirt
5373,0,T-shirt/top
5374,5,Sandal
5375,7,Sneaker
5376,9,Ankle boot
5377,8,Bag
5378,5,Sandal
5379,6,Shirt
5380,0,T-shirt/top
5381,6,Shirt
5382,2,Pullover
5383,6,Shirt
5384,2,Pullover
5385,8,Bag
5386,9,Ankle boot
5387,9,Ankle boot
5388,1,Trouser
5389,9,Ankle boot
5390,5,Sandal
5391,8,Bag
5392,4,Coat
5393,4,Coat
5394,8,Bag
5395,4,Coat
5396,8,Bag
5397,7,Sneaker
5398,2,Pullover
5399,8,Bag
5400,3,Dress
5401,0,T-shirt/top
5402,7,Sneaker
5403,8,Bag
5404,8,Bag
5405,3,Dress
5406,9,Ankle boot
5407,9,Ankle boot
5408,5,Sandal
5409,9,Ankle boot
5410,2,Pullover
5411,6,Shirt
5412,9,Ankle boot
5413,7,Sneaker
5414,5,Sandal
5415,7,Sneaker
5416,4,Coat
5417,9,Ankle boot
5418,9,Ankle boot
5419,2,Pullover
5420,3,Dress
5421,9,Ankle boot
5422,5,Sandal
5423,3,Dress
5424,5,Sandal
5425,3,Dress
5426,1,Trouser
5427,2,Pullover
5428,9,Ankle boot
5429,1,Trouser
5430,2,Pullover
5431,8,Bag
5432,5,Sandal
5433,1,Trouser
5434,7,Sneaker
5435,9,Ankle boot
5436,6,Shirt
5437,3,Dress
5438,3,Dress
5439,6,Shirt
5440,9,Ankle boot
5441,0,T-shirt/top
5442,2,Pullover
5443,3,Dress
5444,0,T-shirt/top
5445,0,T-shirt/top
5446,2,Pullover
5447,9,Ankle boot
5448,7,Sneaker
5449,1,Trouser
5450,9,Ankle boot
5451,8,Bag
5452,5,Sandal
5453,4,Coat
5454,8,Bag
5455,5,Sandal
5456,9,Ankle boot
5457,5,Sandal
5458,2,Pullover
5459,4,Coat
5460,2,Pullover
5461,5,Sandal
5462,2,Pullover
5463,2,Pullover
5464,5,Sandal
5465,4,Coat
5466,2,Pullover
5467,7,Sneaker
5468,1,Trouser
5469,6,Shirt
5470,0,T-shirt/top
5471,4,Coat
5472,6,Shirt
5473,5,Sandal
5474,6,Shirt
5475,4,Coat
5476,6,Shirt
5477,9,Ankle boot
5478,5,Sandal
5479,5,Sandal
5480,1,Trouser
5481,5,Sandal
5482,2,Pullover
5483,4,Coat
5484,4,Coat
5485,4,Coat
5486,4,Coat
5487,1,Trouser
5488,9,Ankle boot
5489,0,T-shirt/top
5490,7,Sneaker
5491,2,Pullover
5492,7,Sneaker
5493,4,Coat
5494,2,Pullover
5495,9,Ankle boot
5496,7,Sneaker
5497,4,Coat
5498,2,Pullover
5499,6,Shirt
5500,1,Trouser
5501,7,Sneaker
5502,1,Trouser
5503,4,Coat
5504,7,Sneaker
5505,6,Shirt
5506,1,Trouser
5507,7,Sneaker
5508,3,Dress
5509,0,T-shirt/top
5510,3,Dress
5511,6,Shirt
5512,2,Pullover
5513,8,Bag
5514,0,T-shirt/top
5515,4,Coat
5516,1,Trouser
5517,7,Sneaker
5518,9,Ankle boot
5519,0,T-shirt/top
5520,2,Pullover
5521,9,Ankle boot
5522,2,Pullover
5523,0,T-shirt/top
5524,7,Sneaker
5525,1,Trouser
5526,7,Sneaker
5527,5,Sandal
5528,2,Pullover
5529,9,Ankle boot
5530,8,Bag
5531,2,Pullover
5532,4,Coat
5533,0,T-shirt/top
5534,3,Dress
5535,3,Dress
5536,2,Pullover
5537,2,Pullover
5538,8,Bag
5539,1,Trouser
5540,0,T-shirt/top
5541,8,Bag
5542,1,Trouser
5543,8,Bag
5544,1,Trouser
5545,0,T-shirt/top
5546,1,Trouser
5547,4,Coat
5548,7,Sneaker
5549,3,Dress
5550,7,Sneaker
5551,7,Sneaker
5552,3,Dress
5553,3,Dress
5554,9,Ankle boot
5555,9,Ankle boot
5556,0,T-shirt/top
5557,8,Bag
5558,2,Pullover
5559,5,Sandal
5560,8,Bag
5561,9,Ankle boot
5562,1,Trouser
5563,3,Dress
5564,7,Sneaker
5565,4,Coat
5566,1,Trouser
5567,6,Shirt
5568,9,Ankle boot
5569,4,Coat
5570,3,Dress
5571,2,Pullover
5572,6,Shirt
5573,1,Trouser
5574,8,Bag
5575,1,Trouser
5576,4,Coat
5577,4,Coat
5578,0,T-shirt/top
5579,2,Pullover
5580,1,Trouser
5581,7,Sneaker
5582,0,T-shirt/top
5583,5,Sandal
5584,4,Coat
5585,5,Sandal
5586,3,Dress
5587,6,Shirt
5588,4,Coat
5589,1,Trouser
5590,6,Shirt
5591,0,T-shirt/top
5592,7,Sneaker
5593,6,Shirt
5594,6,Shirt
5595,2,Pullover
5596,3,Dress
5597,4,Coat
5598,4,Coat
5599,5,Sandal
5600,2,Pullover
5601,9,Ankle boot
5602,6,Shirt
5603,8,Bag
5604,0,T-shirt/top
5605,4,Coat
5606,2,Pullover
5607,0,T-shirt/top
5608,1,Trouser
5609,7,Sneaker
5610,5,Sandal
5611,3,Dress
5612,3,Dress
5613,3,Dress
5614,2,Pullover
5615,5,Sandal
5616,3,Dress
5617,8,Bag
5618,2,Pullover
5619,6,Shirt
5620,2,Pullover
5621,5,Sandal
5622,1,Trouser
5623,4,Coat
5624,2,Pullover
5625,2,Pullover
5626,1,Trouser
5627,9,Ankle boot
5628,3,Dress
5629,4,Coat
5630,6,Shirt
5631,9,Ankle boot
5632,5,Sandal
5633,8,Bag
5634,0,T-shirt/top
5635,6,Shirt
5636,3,Dress
5637,6,Shirt
5638,0,T-shirt/top
5639,8,Bag
5640,1,Trouser
5641,2,Pullover
5642,3,Dress
5643,3,Dress
5644,1,Trouser
5645,5,Sandal
5646,5,Sandal
5647,3,Dress
5648,2,Pullover
5649,2,Pullover
5650,7,Sneaker
5651,1,Trouser
5652,3,Dress
5653,2,Pullover
5654,3,Dress
5655,0,T-shirt/top
5656,1,Trouser
5657,2,Pullover
5658,2,Pullover
5659,8,Bag
5660,6,Shirt
5661,8,Bag
5662,4,Coat
5663,7,Sneaker
5664,0,T-shirt/top
5665,3,Dress
5666,1,Trouser
5667,3,Dress
5668,8,Bag
5669,3,Dress
5670,4,Coat
5671,1,Trouser
5672,2,Pullover
5673,0,T-shirt/top
5674,3,Dress
5675,0,T-shirt/top
5676,7,Sneaker
5677,7,Sneaker
5678,8,Bag
5679,3,Dress
5680,2,Pullover
5681,9,Ankle boot
5682,5,Sandal
5683,4,Coat
5684,6,Shirt
5685,9,Ankle boot
5686,5,Sandal
5687,4,Coat
5688,3,Dress
5689,8,Bag
5690,7,Sneaker
5691,3,Dress
5692,8,Bag
5693,3,Dress
5694,7,Sneaker
5695,9,Ankle boot
5696,0,T-shirt/top
5697,2,Pullover
5698,5,Sandal
5699,1,Trouser
5700,0,T-shirt/top
5701,5,Sandal
5702,0,T-shirt/top
5703,3,Dress
5704,9,Ankle boot
5705,7,Sneaker
5706,9,Ankle boot
5707,6,Shirt
5708,0,T-shirt/top
5709,7,Sneaker
5710,1,Trouser
5711,6,Shirt
5712,0,T-shirt/top
5713,8,Bag
5714,4,Coat
5715,4,Coat
5716,2,Pullover
5717,7,Sneaker
5718,8,Bag
5719,2,Pullover
5720,6,Shirt
5721,4,Coat
5722,6,Shirt
5723,9,Ankle boot
5724,7,Sneaker
5725,3,Dress
5726,4,Coat
5727,5,Sandal
5728,4,Coat
5729,5,Sandal
5730,1,Trouser
5731,9,Ankle boot
5732,5,Sandal
5733,0,T-shirt/top
5734,5,Sandal
5735,8,Bag
5736,4,Coat
5737,1,Trouser
5738,7,Sneaker
5739,9,Ankle boot
5740,3,Dress
5741,3,Dress
5742,3,Dress
5743,4,Coat
5744,9,Ankle boot
5745,1,Trouser
5746,0,T-shirt/top
5747,3,Dress
5748,9,Ankle boot
5749,5,Sandal
5750,4,Coat
5751,8,Bag
5752,2,Pullover
5753,4,Coat
5754,1,Trouser
5755,4,Coat
5756,0,T-shirt/top
5757,6,Shirt
5758,7,Sneaker
5759,9,Ankle boot
5760,0,T-shirt/top
5761,3,Dress
5762,1,Trouser
5763,2,Pullover
5764,1,Trouser
5765,6,Shirt
5766,9,Ankle boot
5767,8,Bag
5768,1,Trouser
5769,3,Dress
5770,7,Sneaker
5771,3,Dress
5772,9,Ankle boot
5773,9,Ankle boot
5774,5,Sandal
5775,4,Coat
5776,2,Pullover
5777,3,Dress
5778,2,Pullover
5779,8,Bag
5780,8,Bag
5781,5,Sandal
5782,5,Sandal
5783,1,Trouser
5784,8,Bag
5785,8,Bag
5786,5,Sandal
5787,7,Sneaker
5788,9,Ankle boot
5789,9,Ankle boot
5790,3,Dress
5791,4,Coat
5792,4,Coat
5793,2,Pullover
5794,7,Sneaker
5795,9,Ankle boot
5796,4,Coat
5797,6,Shirt
5798,7,Sneaker
5799,5,Sandal
5800,4,Coat
5801,7,Sneaker
5802,6,Shirt
5803,1,Trouser
5804,4,Coat
5805,4,Coat
5806,2,Pullover
5807,0,T-shirt/top
5808,9,Ankle boot
5809,6,Shirt
5810,0,T-shirt/top
5811,5,Sandal
5812,1,Trouser
5813,1,Trouser
5814,7,Sneaker
5815,8,Bag
5816,3,Dress
5817,6,Shirt
5818,6,Shirt
5819,2,Pullover
5820,0,T-shirt/top
5821,6,Shirt
5822,4,Coat
5823,9,Ankle boot
5824,5,Sandal
5825,2,Pullover
5826,4,Coat
5827,4,Coat
5828,4,Coat
5829,0,T-shirt/top
5830,1,Trouser
5831,5,Sandal
5832,2,Pullover
5833,7,Sneaker
5834,8,Bag
5835,6,Shirt
5836,7,Sneaker
5837,7,Sneaker
5838,0,T-shirt/top
5839,8,Bag
5840,4,Coat
5841,3,Dress
5842,6,Shirt
5843,9,Ankle boot
5844,1,Trouser
5845,2,Pullover
5846,1,Trouser
5847,7,Sneaker
5848,4,Coat
5849,3,Dress
5850,4,Coat
5851,9,Ankle boot
5852,9,Ankle boot
5853,2,Pullover
5854,4,Coat
5855,4,Coat
5856,3,Dress
5857,0,T-shirt/top
5858,5,Sandal
5859,7,Sneaker
5860,5,Sandal
5861,2,Pullover
5862,7,Sneaker
5863,8,Bag
5864,9,Ankle boot
5865,9,Ankle boot
5866,2,Pullover
5867,7,Sneaker
5868,8,Bag
5869,7,Sneaker
5870,7,Sneaker
5871,5,Sandal
5872,8,Bag
5873,7,Sneaker
5874,6,Shirt
5875,6,Shirt
5876,9,Ankle boot
5877,0,T-shirt/top
5878,1,Trouser
5879,8,Bag
5880,7,Sneaker
5881,5,Sandal
5882,6,Shirt
5883,5,Sandal
5884,3,Dress
5885,7,Sneaker
5886,6,Shirt
5887,6,Shirt
5888,5,Sandal
5889,5,Sandal
5890,6,Shirt
5891,9,Ankle boot
5892,9,Ankle boot
5893,1,Trouser
5894,9,Ankle boot
5895,5,Sandal
5896,9,Ankle boot
5897,4,Coat
5898,4,Coat
5899,1,Trouser
5900,9,Ankle boot
5901,8,Bag
5902,3,Dress
5903,5,Sandal
5904,1,Trouser
5905,8,Bag
5906,6,Shirt
5907,5,Sandal
5908,3,Dress
5909,2,Pullover
5910,3,Dress
5911,7,Sneaker
5912,1,Trouser
5913,1,Trouser
5914,1,Trouser
5915,8,Bag
5916,7,Sneaker
5917,5,Sandal
5918,6,Shirt
5919,4,Coat
5920,2,Pullover
5921,7,Sneaker
5922,0,T-shirt/top
5923,0,T-shirt/top
5924,5,Sandal
5925,3,Dress
5926,4,Coat
5927,8,Bag
5928,6,Shirt
5929,5,Sandal
5930,4,Coat
5931,7,Sneaker
5932,3,Dress
5933,2,Pullover
5934,3,Dress
5935,2,Pullover
5936,7,Sneaker
5937,8,Bag
5938,0,T-shirt/top
5939,7,Sneaker
5940,0,T-shirt/top
5941,9,Ankle boot
5942,5,Sandal
5943,8,Bag
5944,6,Shirt
5945,7,Sneaker
5946,3,Dress
5947,5,Sandal
5948,0,T-shirt/top
5949,9,Ankle boot
5950,7,Sneaker
5951,3,Dress
5952,0,T-shirt/top
5953,6,Shirt
5954,5,Sandal
5955,7,Sneaker
5956,8,Bag
5957,4,Coat
5958,3,Dress
5959,1,Trouser
5960,9,Ankle boot
5961,0,T-shirt/top
5962,2,Pullover
5963,9,Ankle boot
5964,1,Trouser
5965,3,Dress
5966,4,Coat
5967,6,Shirt
5968,4,Coat
5969,0,T-shirt/top
5970,6,Shirt
5971,2,Pullover
5972,4,Coat
5973,8,Bag
5974,6,Shirt
5975,2,Pullover
5976,9,Ankle boot
5977,5,Sandal
5978,0,T-shirt/top
5979,1,Trouser
5980,8,Bag
5981,4,Coat
5982,4,Coat
5983,1,Trouser
5984,6,Shirt
5985,2,Pullover
5986,9,Ankle boot
5987,4,Coat
5988,3,Dress
5989,7,Sneaker
5990,9,Ankle boot
5991,6,Shirt
5992,3,Dress
5993,5,Sandal
5994,8,Bag
5995,5,Sandal
5996,9,Ankle boot
5997,8,Bag
5998,5,Sandal
5999,3,Dress
6000,0,T-shirt/top
6001,1,Trouser
6002,2,Pullover
6003,4,Coat
6004,4,Coat
6005,1,Trouser
6006,9,Ankle boot
6007,4,Coat
6008,4,Coat
6009,0,T-shirt/top
6010,5,Sandal
6011,5,Sandal
6012,4,Coat
6013,6,Shirt
6014,2,Pullover
6015,0,T-shirt/top
6016,1,Trouser
6017,4,Coat
6018,9,Ankle boot
6019,9,Ankle boot
6020,7,Sneaker
6021,0,T-shirt/top
6022,1,Trouser
6023,2,Pullover
6024,2,Pullover
6025,0,T-shirt/top
6026,2,Pullover
6027,6,Shirt
6028,2,Pullover
6029,5,Sandal
6030,9,Ankle boot
6031,4,Coat
6032,8,Bag
6033,4,Coat
6034,6,Shirt
6035,1,Trouser
6036,5,Sandal
6037,9,Ankle boot
6038,2,Pullover
6039,1,Trouser
6040,8,Bag
6041,9,Ankle boot
6042,3,Dress
6043,1,Trouser
6044,7,Sneaker
6045,1,Trouser
6046,1,Trouser
6047,1,Trouser
6048,9,Ankle boot
6049,1,Trouser
6050,3,Dress
6051,8,Bag
6052,9,Ankle boot
6053,9,Ankle boot
6054,1,Trouser
6055,9,Ankle boot
6056,6,Shirt
6057,0,T-shirt/top
6058,5,Sandal
6059,8,Bag
6060,5,Sandal
6061,5,Sandal
6062,9,Ankle boot
6063,3,Dress
6064,8,Bag
6065,9,Ankle boot
6066,3,Dress
6067,7,Sneaker
6068,8,Bag
6069,2,Pullover
6070,9,Ankle boot
6071,2,Pullover
6072,0,T-shirt/top
6073,1,Trouser
6074,5,Sandal
6075,0,T-shirt/top
6076,7,Sneaker
6077,8,Bag
6078,0,T-shirt/top
6079,0,T-shirt/top
6080,9,Ankle boot
6081,1,Trouser
6082,1,Trouser
6083,8,Bag
6084,4,Coat
6085,8,Bag
6086,7,Sneaker
6087,2,Pullover
6088,0,T-shirt/top
6089,7,Sneaker
6090,2,Pullover
6091,0,T-shirt/top
6092,0,T-shirt/top
6093,5,Sandal
6094,1,Trouser
6095,6,Shirt
6096,8,Bag
6097,2,Pullover
6098,3,Dress
6099,7,Sneaker
6100,2,Pullover
6101,1,Trouser
6102,9,Ankle boot
6103,7,Sneaker
6104,6,Shirt
6105,1,Trouser
6106,3,Dress
6107,7,Sneaker
6108,2,Pullover
6109,4,Coat
6110,0,T-shirt/top
6111,3,Dress
6112,7,Sneaker
6113,5,Sandal
6114,1,Trouser
6115,1,Trouser
6116,9,Ankle boot
6117,5,Sandal
6118,3,Dress
6119,5,Sandal
6120,4,Coat
6121,6,Shirt
6122,6,Shirt
6123,1,Trouser
6124,5,Sandal
6125,2,Pullover
6126,1,Trouser
6127,6,Shirt
6128,2,Pullover
6129,5,Sandal
6130,7,Sneaker
6131,9,Ankle boot
6132,4,Coat
6133,2,Pullover
6134,4,Coat
6135,1,Trouser
6136,7,Sneaker
6137,9,Ankle boot
6138,0,T-shirt/top
6139,7,Sneaker
6140,7,Sneaker
6141,3,Dress
6142,3,Dress
6143,8,Bag
6144,4,Coat
6145,1,Trouser
6146,8,Bag
6147,2,Pullover
6148,7,Sneaker
6149,4,Coat
6150,4,Coat
6151,8,Bag
6152,9,Ankle boot
6153,2,Pullover
6154,9,Ankle boot
6155,3,Dress
6156,2,Pullover
6157,6,Shirt
6158,1,Trouser
6159,1,Trouser
6160,6,Shirt
6161,4,Coat
6162,1,Trouser
6163,4,Coat
6164,9,Ankle boot
6165,6,Shirt
6166,5,Sandal
6167,9,Ankle boot
6168,1,Trouser
6169,7,Sneaker
6170,6,Shirt
6171,9,Ankle boot
6172,4,Coat
6173,2,Pullover
6174,1,Trouser
6175,7,Sneaker
6176,2,Pullover
6177,9,Ankle boot
6178,8,Bag
6179,8,Bag
6180,9,Ankle boot
6181,5,Sandal
6182,5,Sandal
6183,3,Dress
6184,8,Bag
6185,2,Pullover
6186,0,T-shirt/top
6187,3,Dress
6188,6,Shirt
6189,1,Trouser
6190,1,Trouser
6191,9,Ankle boot
6192,8,Bag
6193,9,Ankle boot
6194,7,Sneaker
6195,5,Sandal
6196,3,Dress
6197,2,Pullover
6198,9,Ankle boot
6199,5,Sandal
6200,5,Sandal
6201,4,Coat
6202,2,Pullover
6203,9,Ankle boot
6204,9,Ankle boot
6205,3,Dress
6206,0,T-shirt/top
6207,6,Shirt
6208,4,Coat
6209,1,Trouser
6210,7,Sneaker
6211,4,Coat
6212,9,Ankle boot
6213,2,Pullover
6214,8,Bag
6215,5,Sandal
6216,8,Bag
6217,6,Shirt
6218,0,T-shirt/top
6219,1,Trouser
6220,3,Dress
6221,2,Pullover
6222,2,Pullover
6223,3,Dress
6224,6,Shirt
6225,6,Shirt
6226,6,Shirt
6227,2,Pullover
6228,8,Bag
6229,3,Dress
6230,2,Pullover
6231,8,Bag
6232,6,Shirt
6233,1,Trouser
6234,8,Bag
6235,4,Coat
6236,5,Sandal
6237,4,Coat
6238,2,Pullover
6239,3,Dress
6240,9,Ankle boot
6241,6,Shirt
6242,2,Pullover
6243,3,Dress
6244,4,Coat
6245,5,Sandal
6246,4,Coat
6247,2,Pullover
6248,7,Sneaker
6249,3,Dress
6250,7,Sneaker
6251,3,Dress
6252,3,Dress
6253,6,Shirt
6254,9,Ankle boot
6255,4,Coat
6256,8,Bag
6257,5,Sandal
6258,6,Shirt
6259,0,T-shirt/top
6260,3,Dress
6261,6,Shirt
6262,7,Sneaker
6263,2,Pullover
6264,5,Sandal
6265,3,Dress
6266,1,Trouser
6267,1,Trouser
6268,9,Ankle boot
6269,7,Sneaker
6270,5,Sandal
6271,2,Pullover
6272,2,Pullover
6273,1,Trouser
6274,6,Shirt
6275,4,Coat
6276,5,Sandal
6277,9,Ankle boot
6278,2,Pullover
6279,5,Sandal
6280,5,Sandal
6281,3,Dress
6282,3,Dress
6283,0,T-shirt/top
6284,9,Ankle boot
6285,2,Pullover
6286,4,Coat
6287,2,Pullover
6288,3,Dress
6289,2,Pullover
6290,4,Coat
6291,9,Ankle boot
6292,2,Pullover
6293,3,Dress
6294,0,T-shirt/top
6295,6,Shirt
6296,2,Pullover
6297,0,T-shirt/top
6298,4,Coat
6299,1,Trouser
6300,3,Dress
6301,9,Ankle boot
6302,2,Pullover
6303,4,Coat
6304,2,Pullover
6305,2,Pullover
6306,3,Dress
6307,2,Pullover
6308,3,Dress
6309,0,T-shirt/top
6310,8,Bag
6311,3,Dress
6312,5,Sandal
6313,1,Trouser
6314,2,Pullover
6315,3,Dress
6316,8,Bag
6317,2,Pullover
6318,1,Trouser
6319,2,Pullover
6320,1,Trouser
6321,1,Trouser
6322,9,Ankle boot
6323,6,Shirt
6324,5,Sandal
6325,9,Ankle boot
6326,6,Shirt
6327,8,Bag
6328,0,T-shirt/top
6329,3,Dress
6330,2,Pullover
6331,3,Dress
6332,6,Shirt
6333,3,Dress
6334,7,Sneaker
6335,5,Sandal
6336,2,Pullover
6337,1,Trouser
6338,1,Trouser
6339,2,Pullover
6340,0,T-shirt/top
6341,5,Sandal
6342,5,Sandal
6343,0,T-shirt/top
6344,1,Trouser
6345,0,T-shirt/top
6346,5,Sandal
6347,2,Pullover
6348,8,Bag
6349,9,Ankle boot
6350,7,Sneaker
6351,9,Ankle boot
6352,1,Trouser
6353,1,Trouser
6354,3,Dress
6355,3,Dress
6356,5,Sandal
6357,6,Shirt
6358,7,Sneaker
6359,5,Sandal
6360,9,Ankle boot
6361,6,Shirt
6362,9,Ankle boot
6363,3,Dress
6364,6,Shirt
6365,6,Shirt
6366,2,Pullover
6367,8,Bag
6368,7,Sneaker
6369,2,Pullover
6370,7,Sneaker
6371,9,Ankle boot
6372,8,Bag
6373,3,Dress
6374,8,Bag
6375,1,Trouser
6376,3,Dress
6377,1,Trouser
6378,4,Coat
6379,5,Sandal
6380,6,Shirt
6381,5,Sandal
6382,4,Coat
6383,4,Coat
6384,9,Ankle boot
6385,6,Shirt
6386,7,Sneaker
6387,1,Trouser
6388,4,Coat
6389,8,Bag
6390,3,Dress
6391,7,Sneaker
6392,7,Sneaker
6393,6,Shirt
6394,7,Sneaker
6395,9,Ankle boot
6396,4,Coat
6397,7,Sneaker
6398,7,Sneaker
6399,0,T-shirt/top
6400,1,Trouser
6401,4,Coat
6402,1,Trouser
6403,2,Pullover
6404,8,Bag
6405,4,Coat
6406,4,Coat
6407,7,Sneaker
6408,6,Shirt
6409,7,Sneaker
6410,1,Trouser
6411,8,Bag
6412,7,Sneaker
6413,8,Bag
6414,1,Trouser
6415,3,Dress
6416,1,Trouser
6417,0,T-shirt/top
6418,3,Dress
6419,4,Coat
6420,5,Sandal
6421,3,Dress
6422,8,Bag
6423,2,Pullover
6424,3,Dress
6425,4,Coat
6426,9,Ankle boot
6427,3,Dress
6428,1,Trouser
6429,5,Sandal
6430,3,Dress
6431,0,T-shirt/top
6432,7,Sneaker
6433,0,T-shirt/top
6434,6,Shirt
6435,4,Coat
6436,5,Sandal
6437,1,Trouser
6438,2,Pullover
6439,6,Shirt
6440,3,Dress
6441,8,Bag
6442,3,Dress
6443,9,Ankle boot
6444,8,Bag
6445,6,Shirt
6446,7,Sneaker
6447,2,Pullover
6448,4,Coat
6449,2,Pullover
6450,5,Sandal
6451,1,Trouser
6452,9,Ankle boot
6453,0,T-shirt/top
6454,3,Dress
6455,8,Bag
6456,7,Sneaker
6457,1,Trouser
6458,8,Bag
6459,1,Trouser
6460,2,Pullover
6461,0,T-shirt/top
6462,9,Ankle boot
6463,2,Pullover
6464,4,Coat
6465,3,Dress
6466,4,Coat
6467,6,Shirt
6468,1,Trouser
6469,3,Dress
6470,5,Sandal
6471,2,Pullover
6472,9,Ankle boot
6473,7,Sneaker
6474,5,Sandal
6475,3,Dress
6476,5,Sandal
6477,5,Sandal
6478,5,Sandal
6479,6,Shirt
6480,4,Coat
6481,8,Bag
6482,0,T-shirt/top
6483,7,Sneaker
6484,0,T-shirt/top
6485,8,Bag
6486,6,Shirt
6487,2,Pullover
6488,1,Trouser
6489,7,Sneaker
6490,7,Sneaker
6491,7,Sneaker
6492,6,Shirt
6493,8,Bag
6494,0,T-shirt/top
6495,3,Dress
6496,0,T-shirt/top
6497,9,Ankle boot
6498,8,Bag
6499,5,Sandal
6500,6,Shirt
6501,2,Pullover
6502,8,Bag
6503,1,Trouser
6504,7,Sneaker
6505,7,Sneaker
6506,7,Sneaker
6507,0,T-shirt/top
6508,1,Trouser
6509,6,Shirt
6510,1,Trouser
6511,3,Dress
6512,2,Pullover
6513,6,Shirt
6514,2,Pullover
6515,6,Shirt
6516,1,Trouser
6517,7,Sneaker
6518,6,Shirt
6519,2,Pullover
6520,2,Pullover
6521,6,Shirt
6522,1,Trouser
6523,8,Bag
6524,2,Pullover
6525,4,Coat
6526,6,Shirt
6527,3,Dress
6528,0,T-shirt/top
6529,8,Bag
6530,8,Bag
6531,4,Coat
6532,4,Coat
6533,2,Pullover
6534,0,T-shirt/top
6535,7,Sneaker
6536,0,T-shirt/top
6537,8,Bag
6538,9,Ankle boot
6539,1,Trouser
6540,4,Coat
6541,4,Coat
6542,7,Sneaker
6543,6,Shirt
6544,8,Bag
6545,1,Trouser
6546,8,Bag
6547,2,Pullover
6548,6,Shirt
6549,4,Coat
6550,7,Sneaker
6551,5,Sandal
6552,7,Sneaker
6553,9,Ankle boot
6554,9,Ankle boot
6555,3,Dress
6556,9,Ankle boot
6557,4,Coat
6558,4,Coat
6559,0,T-shirt/top
6560,6,Shirt
6561,1,Trouser
6562,4,Coat
6563,8,Bag
6564,4,Coat
6565,4,Coat
6566,7,Sneaker
6567,6,Shirt
6568,2,Pullover
6569,2,Pullover
6570,9,Ankle boot
6571,1,Trouser
6572,8,Bag
6573,0,T-shirt/top
6574,6,Shirt
6575,2,Pullover
6576,2,Pullover
6577,0,T-shirt/top
6578,3,Dress
6579,6,Shirt
6580,6,Shirt
6581,1,Trouser
6582,3,Dress
6583,6,Shirt
6584,3,Dress
6585,4,Coat
6586,1,Trouser
6587,7,Sneaker
6588,8,Bag
6589,1,Trouser
6590,0,T-shirt/top
6591,7,Sneaker
6592,6,Shirt
6593,5,Sandal
6594,0,T-shirt/top
6595,3,Dress
6596,2,Pullover
6597,8,Bag
6598,5,Sandal
6599,8,Bag
6600,7,Sneaker
6601,8,Bag
6602,4,Coat
6603,5,Sandal
6604,9,Ankle boot
6605,5,Sandal
6606,5,Sandal
6607,1,Trouser
6608,2,Pullover
6609,4,Coat
6610,7,Sneaker
6611,2,Pullover
6612,9,Ankle boot
6613,7,Sneaker
6614,8,Bag
6615,6,Shirt
6616,7,Sneaker
6617,4,Coat
6618,6,Shirt
6619,4,Coat
6620,8,Bag
6621,8,Bag
6622,4,Coat
6623,5,Sandal
6624,1,Trouser
6625,8,Bag
6626,0,T-shirt/top
6627,6,Shirt
6628,2,Pullover
6629,2,Pullover
6630,9,Ankle boot
6631,8,Bag
6632,9,Ankle boot
6633,0,T-shirt/top
6634,2,Pullover
6635,7,Sneaker
6636,9,Ankle boot
6637,4,Coat
6638,5,Sandal
6639,9,Ankle boot
6640,8,Bag
6641,4,Coat
6642,3,Dress
6643,9,Ankle boot
6644,5,Sandal
6645,9,Ankle boot
6646,3,Dress
6647,0,T-shirt/top
6648,8,Bag
6649,6,Shirt
6650,3,Dress
6651,0,T-shirt/top
6652,3,Dress
6653,5,Sandal
6654,8,Bag
6655,0,T-shirt/top
6656,0,T-shirt/top
6657,3,Dress
6658,8,Bag
6659,2,Pullover
6660,9,Ankle boot
6661,0,T-shirt/top
6662,0,T-shirt/top
6663,7,Sneaker
6664,6,Shirt
6665,6,Shirt
6666,8,Bag
6667,7,Sneaker
6668,6,Shirt
6669,8,Bag
6670,8,Bag
6671,2,Pullover
6672,0,T-shirt/top
6673,3,Dress
6674,6,Shirt
6675,7,Sneaker
6676,1,Trouser
6677,4,Coat
6678,7,Sneaker
6679,4,Coat
6680,6,Shirt
6681,7,Sneaker
6682,1,Trouser
6683,6,Shirt
6684,5,Sandal
6685,2,Pullover
6686,0,T-shirt/top
6687,7,Sneaker
6688,9,Ankle boot
6689,6,Shirt
6690,2,Pullover
6691,8,Bag
6692,2,Pullover
6693,1,Trouser
6694,1,Trouser
6695,8,Bag
6696,8,Bag
6697,3,Dress
6698,5,Sandal
6699,7,Sneaker
6700,5,Sandal
6701,2,Pullover
6702,9,Ankle boot
6703,4,Coat
6704,3,Dress
6705,9,Ankle boot
6706,3,Dress
6707,8,Bag
6708,9,Ankle boot
6709,0,T-shirt/top
6710,2,Pullover
6711,0,T-shirt/top
6712,4,Coat
6713,5,Sandal
6714,7,Sneaker
6715,0,T-shirt/top
6716,2,Pullover
6717,3,Dress
6718,9,Ankle boot
6719,7,Sneaker
6720,7,Sneaker
6721,4,Coat
6722,0,T-shirt/top
6723,5,Sandal
6724,8,Bag
6725,3,Dress
6726,1,Trouser
6727,3,Dress
6728,7,Sneaker
6729,4,Coat
6730,9,Ankle boot
6731,4,Coat
6732,3,Dress
6733,9,Ankle boot
6734,9,Ankle boot
6735,2,Pullover
6736,0,T-shirt/top
6737,8,Bag
6738,0,T-shirt/top
6739,9,Ankle boot
6740,1,Trouser
6741,9,Ankle boot
6742,9,Ankle boot
6743,0,T-shirt/top
6744,7,Sneaker
6745,1,Trouser
6746,4,Coat
6747,5,Sandal
6748,0,T-shirt/top
6749,3,Dress
6750,8,Bag
6751,7,Sneaker
6752,4,Coat
6753,5,Sandal
6754,5,Sandal
6755,9,Ankle boot
6756,3,Dress
6757,2,Pullover
6758,0,T-shirt/top
6759,0,T-shirt/top
6760,9,Ankle boot
6761,0,T-shirt/top
6762,5,Sandal
6763,0,T-shirt/top
6764,1,Trouser
6765,3,Dress
6766,7,Sneaker
6767,9,Ankle boot
6768,1,Trouser
6769,5,Sandal
6770,9,Ankle boot
6771,3,Dress
6772,0,T-shirt/top
6773,9,Ankle boot
6774,7,Sneaker
6775,2,Pullover
6776,9,Ankle boot
6777,2,Pullover
6778,1,Trouser
6779,2,Pullover
6780,7,Sneaker
6781,5,Sandal
6782,1,Trouser
6783,0,T-shirt/top
6784,7,Sneaker
6785,3,Dress
6786,4,Coat
6787,7,Sneaker
6788,6,Shirt
6789,4,Coat
6790,6,Shirt
6791,8,Bag
6792,5,Sandal
6793,7,Sneaker
6794,9,Ankle boot
6795,5,Sandal
6796,7,Sneaker
6797,3,Dress
6798,3,Dress
6799,3,Dress
6800,9,Ankle boot
6801,3,Dress
6802,3,Dress
6803,1,Trouser
6804,5,Sandal
6805,6,Shirt
6806,9,Ankle boot
6807,7,Sneaker
6808,4,Coat
6809,0,T-shirt/top
6810,2,Pullover
6811,5,Sandal
6812,8,Bag
6813,0,T-shirt/top
6814,7,Sneaker
6815,7,Sneaker
6816,3,Dress
6817,2,Pullover
6818,0,T-shirt/top
6819,2,Pullover
6820,8,Bag
6821,2,Pullover
6822,0,T-shirt/top
6823,6,Shirt
6824,9,Ankle boot
6825,8,Bag
6826,9,Ankle boot
6827,0,T-shirt/top
6828,5,Sandal
6829,0,T-shirt/top
6830,6,Shirt
6831,0,T-shirt/top
6832,2,Pullover
6833,6,Shirt
6834,3,Dress
6835,1,Trouser
6836,8,Bag
6837,7,Sneaker
6838,4,Coat
6839,1,Trouser
6840,9,Ankle boot
6841,1,Trouser
6842,2,Pullover
6843,8,Bag
6844,5,Sandal
6845,2,Pullover
6846,3,Dress
6847,0,T-shirt/top
6848,0,T-shirt/top
6849,2,Pullover
6850,6,Shirt
6851,0,T-shirt/top
6852,7,Sneaker
6853,2,Pullover
6854,1,Trouser
6855,8,Bag
6856,2,Pullover
6857,8,Bag
6858,7,Sneaker
6859,9,Ankle boot
6860,2,Pullover
6861,1,Trouser
6862,3,Dress
6863,5,Sandal
6864,7,Sneaker
6865,7,Sneaker
6866,3,Dress
6867,2,Pullover
6868,5,Sandal
6869,9,Ankle boot
6870,3,Dress
6871,6,Shirt
6872,7,Sneaker
6873,3,Dress
6874,2,Pullover
6875,3,Dress
6876,9,Ankle boot
6877,6,Shirt
6878,7,Sneaker
6879,3,Dress
6880,9,Ankle boot
6881,1,Trouser
6882,2,Pullover
6883,1,Trouser
6884,9,Ankle boot
6885,7,Sneaker
6886,2,Pullover
6887,3,Dress
6888,3,Dress
6889,8,Bag
6890,1,Trouser
6891,8,Bag
6892,3,Dress
6893,9,Ankle boot
6894,0,T-shirt/top
6895,5,Sandal
6896,3,Dress
6897,8,Bag
6898,7,Sneaker
6899,7,Sneaker
6900,4,Coat
6901,9,Ankle boot
6902,0,T-shirt/top
6903,6,Shirt
6904,8,Bag
6905,3,Dress
6906,2,Pullover
6907,3,Dress
6908,3,Dress
6909,4,Coat
6910,3,Dress
6911,7,Sneaker
6912,8,Bag
6913,7,Sneaker
6914,1,Trouser
6915,3,Dress
6916,7,Sneaker
6917,8,Bag
6918,9,Ankle boot
6919,5,Sandal
6920,5,Sandal
6921,2,Pullover
6922,4,Coat
6923,4,Coat
6924,5,Sandal
6925,0,T-shirt/top
6926,8,Bag
6927,6,Shirt
6928,0,T-shirt/top
6929,4,Coat
6930,0,T-shirt/top
6931,8,Bag
6932,8,Bag
6933,9,Ankle boot
6934,6,Shirt
6935,9,Ankle boot
6936,1,Trouser
6937,5,Sandal
6938,1,Trouser
6939,2,Pullover
6940,1,Trouser
6941,3,Dress
6942,2,Pullover
6943,6,Shirt
6944,2,Pullover
6945,4,Coat
6946,5,Sandal
6947,7,Sneaker
6948,5,Sandal
6949,9,Ankle boot
6950,2,Pullover
6951,0,T-shirt/top
6952,5,Sandal
6953,7,Sneaker
6954,0,T-shirt/top
6955,5,Sandal
6956,6,Shirt
6957,5,Sandal
6958,0,T-shirt/top
6959,0,T-shirt/top
6960,4,Coat
6961,0,T-shirt/top
6962,5,Sandal
6963,1,Trouser
6964,5,Sandal
6965,4,Coat
6966,9,Ankle boot
6967,8,Bag
6968,1,Trouser
6969,7,Sneaker
6970,6,Shirt
6971,4,Coat
6972,4,Coat
6973,0,T-shirt/top
6974,7,Sneaker
6975,1,Trouser
6976,8,Bag
6977,5,Sandal
6978,7,Sneaker
6979,8,Bag
6980,5,Sandal
6981,5,Sandal
6982,1,Trouser
6983,8,Bag
6984,5,Sandal
6985,7,Sneaker
6986,7,Sneaker
6987,7,Sneaker
6988,6,Shirt
6989,5,Sandal
6990,2,Pullover
6991,2,Pullover
6992,1,Trouser
6993,2,Pullover
6994,4,Coat
6995,6,Shirt
6996,1,Trouser
6997,6,Shirt
6998,0,T-shirt/top
6999,9,Ankle boot
7000,1,Trouser
7001,8,Bag
7002,2,Pullover
7003,4,Coat
7004,7,Sneaker
7005,4,Coat
7006,9,Ankle boot
7007,5,Sandal
7008,7,Sneaker
7009,4,Coat
7010,3,Dress
7011,9,Ankle boot
7012,5,Sandal
7013,6,Shirt
7014,6,Shirt
7015,2,Pullover
7016,7,Sneaker
7017,3,Dress
7018,9,Ankle boot
7019,3,Dress
7020,0,T-shirt/top
7021,5,Sandal
7022,9,Ankle boot
7023,0,T-shirt/top
7024,9,Ankle boot
7025,6,Shirt
7026,6,Shirt
7027,2,Pullover
7028,5,Sandal
7029,7,Sneaker
7030,1,Trouser
7031,6,Shirt
7032,5,Sandal
7033,4,Coat
7034,0,T-shirt/top
7035,2,Pullover
7036,3,Dress
7037,3,Dress
7038,1,Trouser
7039,1,Trouser
7040,7,Sneaker
7041,6,Shirt
7042,2,Pullover
7043,2,Pullover
7044,5,Sandal
7045,9,Ankle boot
7046,8,Bag
7047,7,Sneaker
7048,7,Sneaker
7049,3,Dress
7050,4,Coat
7051,7,Sneaker
7052,9,Ankle boot
7053,2,Pullover
7054,0,T-shirt/top
7055,1,Trouser
7056,1,Trouser
7057,1,Trouser
7058,4,Coat
7059,8,Bag
7060,0,T-shirt/top
7061,8,Bag
7062,0,T-shirt/top
7063,9,Ankle boot
7064,5,Sandal
7065,6,Shirt
7066,7,Sneaker
7067,0,T-shirt/top
7068,8,Bag
7069,2,Pullover
7070,4,Coat
7071,4,Coat
7072,4,Coat
7073,2,Pullover
7074,2,Pullover
7075,5,Sandal
7076,7,Sneaker
7077,2,Pullover
7078,9,Ankle boot
7079,9,Ankle boot
7080,2,Pullover
7081,2,Pullover
7082,2,Pullover
7083,0,T-shirt/top
7084,7,Sneaker
7085,4,Coat
7086,5,Sandal
7087,2,Pullover
7088,3,Dress
7089,3,Dress
7090,1,Trouser
7091,9,Ankle boot
7092,8,Bag
7093,1,Trouser
7094,8,Bag
7095,6,Shirt
7096,2,Pullover
7097,3,Dress
7098,9,Ankle boot
7099,1,Trouser
7100,9,Ankle boot
7101,5,Sandal
7102,2,Pullover
7103,9,Ankle boot
7104,3,Dress
7105,9,Ankle boot
7106,4,Coat
7107,0,T-shirt/top
7108,4,Coat
7109,8,Bag
7110,0,T-shirt/top
7111,4,Coat
7112,6,Shirt
7113,0,T-shirt/top
7114,9,Ankle boot
7115,6,Shirt
7116,1,Trouser
7117,1,Trouser
7118,0,T-shirt/top
7119,5,Sandal
7120,6,Shirt
7121,7,Sneaker
7122,0,T-shirt/top
7123,4,Coat
7124,1,Trouser
7125,1,Trouser
7126,7,Sneaker
7127,0,T-shirt/top
7128,0,T-shirt/top
7129,1,Trouser
7130,9,Ankle boot
7131,2,Pullover
7132,7,Sneaker
7133,3,Dress
7134,9,Ankle boot
7135,4,Coat
7136,1,Trouser
7137,2,Pullover
7138,6,Shirt
7139,4,Coat
7140,0,T-shirt/top
7141,3,Dress
7142,0,T-shirt/top
7143,2,Pullover
7144,3,Dress
7145,5,Sandal
7146,9,Ankle boot
7147,5,Sandal
7148,8,Bag
7149,9,Ankle boot
7150,3,Dress
7151,1,Trouser
7152,7,Sneaker
7153,8,Bag
7154,9,Ankle boot
7155,4,Coat
7156,1,Trouser
7157,1,Trouser
7158,9,Ankle boot
7159,0,T-shirt/top
7160,7,Sneaker
7161,0,T-shirt/top
7162,0,T-shirt/top
7163,9,Ankle boot
7164,6,Shirt
7165,0,T-shirt/top
7166,4,Coat
7167,9,Ankle boot
7168,2,Pullover
7169,8,Bag
7170,5,Sandal
7171,5,Sandal
7172,9,Ankle boot
7173,3,Dress
7174,3,Dress
7175,5,Sandal
7176,7,Sneaker
7177,1,Trouser
7178,3,Dress
7179,3,Dress
7180,3,Dress
7181,5,Sandal
7182,6,Shirt
7183,0,T-shirt/top
7184,4,Coat
7185,1,Trouser
7186,1,Trouser
7187,9,Ankle boot
7188,1,Trouser
7189,4,Coat
7190,0,T-shirt/top
7191,6,Shirt
7192,2,Pullover
7193,2,Pullover
7194,6,Shirt
7195,6,Shirt
7196,0,T-shirt/top
7197,3,Dress
7198,5,Sandal
7199,0,T-shirt/top
7200,3,Dress
7201,0,T-shirt/top
7202,5,Sandal
7203,1,Trouser
7204,1,Trouser
7205,8,Bag
7206,2,Pullover
7207,5,Sandal
7208,3,Dress
7209,5,Sandal
7210,1,Trouser
7211,2,Pullover
7212,6,Shirt
7213,3,Dress
7214,1,Trouser
7215,2,Pullover
7216,7,Sneaker
7217,9,Ankle boot
7218,6,Shirt
7219,3,Dress
7220,8,Bag
7221,5,Sandal
7222,2,Pullover
7223,6,Shirt
7224,9,Ankle boot
7225,1,Trouser
7226,5,Sandal
7227,7,Sneaker
7228,7,Sneaker
7229,6,Shirt
7230,2,Pullover
7231,2,Pullover
7232,7,Sneaker
7233,5,Sandal
7234,4,Coat
7235,1,Trouser
7236,5,Sandal
7237,7,Sneaker
7238,7,Sneaker
7239,8,Bag
7240,2,Pullover
7241,8,Bag
7242,3,Dress
7243,7,Sneaker
7244,4,Coat
7245,0,T-shirt/top
7246,2,Pullover
7247,9,Ankle boot
7248,9,Ankle boot
7249,0,T-shirt/top
7250,0,T-shirt/top
7251,7,Sneaker
7252,3,Dress
7253,1,Trouser
7254,0,T-shirt/top
7255,8,Bag
7256,2,Pullover
7257,4,Coat
7258,4,Coat
7259,4,Coat
7260,7,Sneaker
7261,1,Trouser
7262,8,Bag
7263,2,Pullover
7264,0,T-shirt/top
7265,3,Dress
7266,4,Coat
7267,0,T-shirt/top
7268,2,Pullover
7269,9,Ankle boot
7270,8,Bag
7271,0,T-shirt/top
7272,0,T-shirt/top
7273,8,Bag
7274,3,Dress
7275,9,Ankle boot
7276,2,Pullover
7277,1,Trouser
7278,5,Sandal
7279,6,Shirt
7280,5,Sandal
7281,0,T-shirt/top
7282,8,Bag
7283,4,Coat
7284,2,Pullover
7285,5,Sandal
7286,9,Ankle boot
7287,3,Dress
7288,0,T-shirt/top
7289,4,Coat
7290,7,Sneaker
7291,8,Bag
7292,5,Sandal
7293,9,Ankle boot
7294,5,Sandal
7295,0,T-shirt/top
7296,0,T-shirt/top
7297,6,Shirt
7298,9,Ankle boot
7299,7,Sneaker
7300,4,Coat
7301,9,Ankle boot
7302,2,Pullover
7303,2,Pullover
7304,2,Pullover
7305,4,Coat
7306,0,T-shirt/top
7307,1,Trouser
7308,4,Coat
7309,3,Dress
7310,9,Ankle boot
7311,4,Coat
7312,0,T-shirt/top
7313,3,Dress
7314,4,Coat
7315,2,Pullover
7316,6,Shirt
7317,9,Ankle boot
7318,2,Pullover
7319,7,Sneaker
7320,2,Pullover
7321,5,Sandal
7322,4,Coat
7323,3,Dress
7324,4,Coat
7325,5,Sandal
7326,7,Sneaker
7327,0,T-shirt/top
7328,2,Pullover
7329,1,Trouser
7330,1,Trouser
7331,8,Bag
7332,7,Sneaker
7333,1,Trouser
7334,2,Pullover
7335,0,T-shirt/top
7336,9,Ankle boot
7337,4,Coat
7338,3,Dress
7339,8,Bag
7340,8,Bag
7341,8,Bag
7342,9,Ankle boot
7343,2,Pullover
7344,0,T-shirt/top
7345,9,Ankle boot
7346,4,Coat
7347,0,T-shirt/top
7348,3,Dress
7349,6,Shirt
7350,8,Bag
7351,2,Pullover
7352,8,Bag
7353,8,Bag
7354,5,Sandal
7355,9,Ankle boot
7356,2,Pullover
7357,7,Sneaker
7358,1,Trouser
7359,9,Ankle boot
7360,0,T-shirt/top
7361,3,Dress
7362,3,Dress
7363,3,Dress
7364,2,Pullover
7365,3,Dress
7366,9,Ankle boot
7367,9,Ankle boot
7368,5,Sandal
7369,3,Dress
7370,0,T-shirt/top
7371,4,Coat
7372,2,Pullover
7373,4,Coat
7374,6,Shirt
7375,4,Coat
7376,5,Sandal
7377,4,Coat
7378,4,Coat
7379,9,Ankle boot
7380,8,Bag
7381,5,Sandal
7382,8,Bag
7383,3,Dress
7384,4,Coat
7385,1,Trouser
7386,4,Coat
7387,8,Bag
7388,9,Ankle boot
7389,2,Pullover
7390,2,Pullover
7391,2,Pullover
7392,3,Dress
7393,5,Sandal
7394,6,Shirt
7395,3,Dress
7396,5,Sandal
7397,2,Pullover
7398,5,Sandal
7399,3,Dress
7400,9,Ankle boot
7401,1,Trouser
7402,2,Pullover
7403,9,Ankle boot
7404,8,Bag
7405,9,Ankle boot
7406,3,Dress
7407,8,Bag
7408,8,Bag
7409,5,Sandal
7410,5,Sandal
7411,8,Bag
7412,4,Coat
7413,4,Coat
7414,0,T-shirt/top
7415,8,Bag
7416,3,Dress
7417,0,T-shirt/top
7418,4,Coat
7419,9,Ankle boot
7420,6,Shirt
7421,1,Trouser
7422,0,T-shirt/top
7423,5,Sandal
7424,1,Trouser
7425,2,Pullover
7426,3,Dress
7427,9,Ankle boot
7428,2,Pullover
7429,6,Shirt
7430,3,Dress
7431,6,Shirt
7432,7,Sneaker
7433,4,Coat
7434,6,Shirt
7435,4,Coat
7436,4,Coat
7437,8,Bag
7438,5,Sandal
7439,1,Trouser
7440,8,Bag
7441,3,Dress
7442,4,Coat
7443,4,Coat
7444,5,Sandal
7445,6,Shirt
7446,0,T-shirt/top
7447,7,Sneaker
7448,8,Bag
7449,7,Sneaker
7450,4,Coat
7451,2,Pullover
7452,2,Pullover
7453,2,Pullover
7454,9,Ankle boot
7455,3,Dress
7456,5,Sandal
7457,0,T-shirt/top
7458,9,Ankle boot
7459,9,Ankle boot
7460,0,T-shirt/top
7461,1,Trouser
7462,3,Dress
7463,7,Sneaker
7464,1,Trouser
7465,9,Ankle boot
7466,6,Shirt
7467,5,Sandal
7468,2,Pullover
7469,6,Shirt
7470,9,Ankle boot
7471,5,Sandal
7472,7,Sneaker
7473,9,Ankle boot
7474,4,Coat
7475,2,Pullover
7476,8,Bag
7477,3,Dress
7478,1,Trouser
7479,7,Sneaker
7480,8,Bag
7481,8,Bag
7482,6,Shirt
7483,8,Bag
7484,0,T-shirt/top
7485,5,Sandal
7486,5,Sandal
7487,7,Sneaker
7488,1,Trouser
7489,9,Ankle boot
7490,6,Shirt
7491,2,Pullover
7492,1,Trouser
7493,5,Sandal
7494,1,Trouser
7495,9,Ankle boot
7496,0,T-shirt/top
7497,1,Trouser
7498,6,Shirt
7499,3,Dress
7500,2,Pullover
7501,7,Sneaker
7502,3,Dress
7503,9,Ankle boot
7504,3,Dress
7505,5,Sandal
7506,4,Coat
7507,0,T-shirt/top
7508,6,Shirt
7509,9,Ankle boot
7510,9,Ankle boot
7511,4,Coat
7512,2,Pullover
7513,3,Dress
7514,8,Bag
7515,5,Sandal
7516,8,Bag
7517,3,Dress
7518,6,Shirt
7519,4,Coat
7520,1,Trouser
7521,4,Coat
7522,9,Ankle boot
7523,5,Sandal
7524,8,Bag
7525,9,Ankle boot
7526,9,Ankle boot
7527,3,Dress
7528,6,Shirt
7529,9,Ankle boot
7530,5,Sandal
7531,9,Ankle boot
7532,1,Trouser
7533,1,Trouser
7534,1,Trouser
7535,8,Bag
7536,4,Coat
7537,1,Trouser
7538,4,Coat
7539,6,Shirt
7540,9,Ankle boot
7541,9,Ankle boot
7542,8,Bag
7543,9,Ankle boot
7544,7,Sneaker
7545,4,Coat
7546,4,Coat
7547,1,Trouser
7548,9,Ankle boot
7549,9,Ankle boot
7550,1,Trouser
7551,9,Ankle boot
7552,2,Pullover
7553,2,Pullover
7554,3,Dress
7555,7,Sneaker
7556,3,Dress
7557,1,Trouser
7558,3,Dress
7559,6,Shirt
7560,8,Bag
7561,3,Dress
7562,4,Coat
7563,3,Dress
7564,3,Dress
7565,8,Bag
7566,0,T-shirt/top
7567,7,Sneaker
7568,1,Trouser
7569,0,T-shirt/top
7570,3,Dress
7571,8,Bag
7572,4,Coat
7573,7,Sneaker
7574,9,Ankle boot
7575,8,Bag
7576,0,T-shirt/top
7577,3,Dress
7578,0,T-shirt/top
7579,4,Coat
7580,5,Sandal
7581,7,Sneaker
7582,0,T-shirt/top
7583,7,Sneaker
7584,0,T-shirt/top
7585,5,Sandal
7586,0,T-shirt/top
7587,2,Pullover
7588,6,Shirt
7589,3,Dress
7590,3,Dress
7591,0,T-shirt/top
7592,6,Shirt
7593,4,Coat
7594,4,Coat
7595,4,Coat
7596,4,Coat
7597,6,Shirt
7598,9,Ankle boot
7599,9,Ankle boot
7600,6,Shirt
7601,7,Sneaker
7602,4,Coat
7603,0,T-shirt/top
7604,2,Pullover
7605,6,Shirt
7606,1,Trouser
7607,9,Ankle boot
7608,5,Sandal
7609,9,Ankle boot
7610,9,Ankle boot
7611,0,T-shirt/top
7612,5,Sandal
7613,8,Bag
7614,2,Pullover
7615,7,Sneaker
7616,3,Dress
7617,9,Ankle boot
7618,5,Sandal
7619,2,Pullover
7620,8,Bag
7621,9,Ankle boot
7622,5,Sandal
7623,8,Bag
7624,0,T-shirt/top
7625,0,T-shirt/top
7626,3,Dress
7627,0,T-shirt/top
7628,6,Shirt
7629,3,Dress
7630,7,Sneaker
7631,8,Bag
7632,0,T-shirt/top
7633,1,Trouser
7634,2,Pullover
7635,2,Pullover
7636,4,Coat
7637,1,Trouser
7638,1,Trouser
7639,2,Pullover
7640,2,Pullover
7641,2,Pullover
7642,5,Sandal
7643,4,Coat
7644,3,Dress
7645,9,Ankle boot
7646,3,Dress
7647,4,Coat
7648,2,Pullover
7649,3,Dress
7650,7,Sneaker
7651,2,Pullover
7652,9,Ankle boot
7653,2,Pullover
7654,1,Trouser
7655,6,Shirt
7656,7,Sneaker
7657,5,Sandal
7658,5,Sandal
7659,9,Ankle boot
7660,2,Pullover
7661,0,T-shirt/top
7662,9,Ankle boot
7663,7,Sneaker
7664,9,Ankle boot
7665,7,Sneaker
7666,4,Coat
7667,1,Trouser
7668,8,Bag
7669,3,Dress
7670,3,Dress
7671,8,Bag
7672,0,T-shirt/top
7673,8,Bag
7674,9,Ankle boot
7675,0,T-shirt/top
7676,7,Sneaker
7677,7,Sneaker
7678,9,Ankle boot
7679,6,Shirt
7680,4,Coat
7681,0,T-shirt/top
7682,3,Dress
7683,7,Sneaker
7684,4,Coat
7685,1,Trouser
7686,5,Sandal
7687,2,Pullover
7688,0,T-shirt/top
7689,5,Sandal
7690,8,Bag
7691,6,Shirt
7692,7,Sneaker
7693,0,T-shirt/top
7694,1,Trouser
7695,0,T-shirt/top
7696,5,Sandal
7697,6,Shirt
7698,2,Pullover
7699,1,Trouser
7700,4,Coat
7701,1,Trouser
7702,8,Bag
7703,7,Sneaker
7704,9,Ankle boot
7705,9,Ankle boot
7706,7,Sneaker
7707,3,Dress
7708,2,Pullover
7709,2,Pullover
7710,2,Pullover
7711,7,Sneaker
7712,6,Shirt
7713,3,Dress
7714,9,Ankle boot
7715,6,Shirt
7716,3,Dress
7717,9,Ankle boot
7718,5,Sandal
7719,1,Trouser
7720,0,T-shirt/top
7721,9,Ankle boot
7722,2,Pullover
7723,7,Sneaker
7724,4,Coat
7725,3,Dress
7726,5,Sandal
7727,7,Sneaker
7728,2,Pullover
7729,7,Sneaker
7730,2,Pullover
7731,8,Bag
7732,7,Sneaker
7733,5,Sandal
7734,4,Coat
7735,9,Ankle boot
7736,9,Ankle boot
7737,4,Coat
7738,3,Dress
7739,5,Sandal
7740,0,T-shirt/top
7741,2,Pullover
7742,5,Sandal
7743,5,Sandal
7744,3,Dress
7745,1,Trouser
7746,9,Ankle boot
7747,6,Shirt
7748,7,Sneaker
7749,1,Trouser
7750,0,T-shirt/top
7751,3,Dress
7752,4,Coat
7753,4,Coat
7754,2,Pullover
7755,5,Sandal
7756,9,Ankle boot
7757,2,Pullover
7758,1,Trouser
7759,1,Trouser
7760,7,Sneaker
7761,7,Sneaker
7762,7,Sneaker
7763,0,T-shirt/top
7764,1,Trouser
7765,6,Shirt
7766,8,Bag
7767,5,Sandal
7768,2,Pullover
7769,5,Sandal
7770,8,Bag
7771,7,Sneaker
7772,8,Bag
7773,7,Sneaker
7774,7,Sneaker
7775,0,T-shirt/top
7776,8,Bag
7777,5,Sandal
7778,6,Shirt
7779,0,T-shirt/top
7780,5,Sandal
7781,5,Sandal
7782,6,Shirt
7783,7,Sneaker
7784,7,Sneaker
7785,9,Ankle boot
7786,7,Sneaker
7787,1,Trouser
7788,0,T-shirt/top
7789,0,T-shirt/top
7790,8,Bag
7791,0,T-shirt/top
7792,4,Coat
7793,0,T-shirt/top
7794,6,Shirt
7795,4,Coat
7796,5,Sandal
7797,5,Sandal
7798,0,T-shirt/top
7799,7,Sneaker
7800,3,Dress
7801,3,Dress
7802,4,Coat
7803,5,Sandal
7804,0,T-shirt/top
7805,7,Sneaker
7806,1,Trouser
7807,8,Bag
7808,7,Sneaker
7809,1,Trouser
7810,3,Dress
7811,2,Pullover
7812,0,T-shirt/top
7813,4,Coat
7814,5,Sandal
7815,3,Dress
7816,7,Sneaker
7817,4,Coat
7818,8,Bag
7819,0,T-shirt/top
7820,3,Dress
7821,9,Ankle boot
7822,4,Coat
7823,6,Shirt
7824,0,T-shirt/top
7825,0,T-shirt/top
7826,8,Bag
7827,7,Sneaker
7828,3,Dress
7829,3,Dress
7830,0,T-shirt/top
7831,5,Sandal
7832,6,Shirt
7833,1,Trouser
7834,5,Sandal
7835,0,T-shirt/top
7836,9,Ankle boot
7837,9,Ankle boot
7838,1,Trouser
7839,3,Dress
7840,0,T-shirt/top
7841,6,Shirt
7842,1,Trouser
7843,6,Shirt
7844,0,T-shirt/top
7845,5,Sandal
7846,7,Sneaker
7847,2,Pullover
7848,4,Coat
7849,0,T-shirt/top
7850,9,Ankle boot
7851,2,Pullover
7852,0,T-shirt/top
7853,8,Bag
7854,2,Pullover
7855,8,Bag
7856,3,Dress
7857,7,Sneaker
7858,7,Sneaker
7859,3,Dress
7860,3,Dress
7861,9,Ankle boot
7862,5,Sandal
7863,7,Sneaker
7864,0,T-shirt/top
7865,0,T-shirt/top
7866,9,Ankle boot
7867,4,Coat
7868,5,Sandal
7869,0,T-shirt/top
7870,7,Sneaker
7871,2,Pullover
7872,9,Ankle boot
7873,5,Sandal
7874,5,Sandal
7875,8,Bag
7876,7,Sneaker
7877,4,Coat
7878,9,Ankle boot
7879,5,Sandal
7880,6,Shirt
7881,3,Dress
7882,6,Shirt
7883,3,Dress
7884,0,T-shirt/top
7885,4,Coat
7886,7,Sneaker
7887,6,Shirt
7888,4,Coat
7889,2,Pullover
7890,5,Sandal
7891,4,Coat
7892,1,Trouser
7893,5,Sandal
7894,7,Sneaker
7895,9,Ankle boot
7896,7,Sneaker
7897,3,Dress
7898,7,Sneaker
7899,8,Bag
7900,8,Bag
7901,5,Sandal
7902,1,Trouser
7903,9,Ankle boot
7904,0,T-shirt/top
7905,1,Trouser
7906,0,T-shirt/top
7907,4,Coat
7908,8,Bag
7909,0,T-shirt/top
7910,7,Sneaker
7911,6,Shirt
7912,9,Ankle boot
7913,8,Bag
7914,8,Bag
7915,4,Coat
7916,3,Dress
7917,4,Coat
7918,1,Trouser
7919,7,Sneaker
7920,7,Sneaker
7921,1,Trouser
7922,1,Trouser
7923,6,Shirt
7924,7,Sneaker
7925,0,T-shirt/top
7926,3,Dress
7927,2,Pullover
7928,8,Bag
7929,7,Sneaker
7930,8,Bag
7931,7,Sneaker
7932,9,Ankle boot
7933,1,Trouser
7934,1,Trouser
7935,3,Dress
7936,8,Bag
7937,7,Sneaker
7938,5,Sandal
7939,9,Ankle boot
7940,1,Trouser
7941,0,T-shirt/top
7942,6,Shirt
7943,3,Dress
7944,4,Coat
7945,4,Coat
7946,4,Coat
7947,7,Sneaker
7948,1,Trouser
7949,4,Coat
7950,0,T-shirt/top
7951,1,Trouser
7952,5,Sandal
7953,4,Coat
7954,4,Coat
7955,9,Ankle boot
7956,2,Pullover
7957,4,Coat
7958,2,Pullover
7959,4,Coat
7960,0,T-shirt/top
7961,7,Sneaker
7962,7,Sneaker
7963,4,Coat
7964,7,Sneaker
7965,1,Trouser
7966,4,Coat
7967,0,T-shirt/top
7968,8,Bag
7969,3,Dress
7970,3,Dress
7971,5,Sandal
7972,2,Pullover
7973,0,T-shirt/top
7974,8,Bag
7975,3,Dress
7976,0,T-shirt/top
7977,2,Pullover
7978,0,T-shirt/top
7979,1,Trouser
7980,8,Bag
7981,4,Coat
7982,3,Dress
7983,2,Pullover
7984,7,Sneaker
7985,5,Sandal
7986,4,Coat
7987,4,Coat
7988,5,Sandal
7989,2,Pullover
7990,1,Trouser
7991,6,Shirt
7992,4,Coat
7993,4,Coat
7994,5,Sandal
7995,8,Bag
7996,0,T-shirt/top
7997,7,Sneaker
7998,3,Dress
7999,6,Shirt
8000,6,Shirt
8001,7,Sneaker
8002,4,Coat
8003,2,Pullover
8004,3,Dress
8005,6,Shirt
8006,4,Coat
8007,4,Coat
8008,6,Shirt
8009,3,Dress
8010,4,Coat
8011,5,Sandal
8012,1,Trouser
8013,7,Sneaker
8014,5,Sandal
8015,2,Pullover
8016,5,Sandal
8017,7,Sneaker
8018,9,Ankle boot
8019,9,Ankle boot
8020,9,Ankle boot
8021,9,Ankle boot
8022,2,Pullover
8023,0,T-shirt/top
8024,9,Ankle boot
8025,6,Shirt
8026,0,T-shirt/top
8027,5,Sandal
8028,5,Sandal
8029,5,Sandal
8030,0,T-shirt/top
8031,5,Sandal
8032,6,Shirt
8033,6,Shirt
8034,6,Shirt
8035,0,T-shirt/top
8036,6,Shirt
8037,9,Ankle boot
8038,9,Ankle boot
8039,2,Pullover
8040,3,Dress
8041,5,Sandal
8042,4,Coat
8043,0,T-shirt/top
8044,1,Trouser
8045,0,T-shirt/top
8046,8,Bag
8047,9,Ankle boot
8048,5,Sandal
8049,7,Sneaker
8050,3,Dress
8051,0,T-shirt/top
8052,6,Shirt
8053,4,Coat
8054,1,Trouser
8055,6,Shirt
8056,8,Bag
8057,1,Trouser
8058,8,Bag
8059,2,Pullover
8060,6,Shirt
8061,6,Shirt
8062,9,Ankle boot
8063,8,Bag
8064,5,Sandal
8065,1,Trouser
8066,4,Coat
8067,4,Coat
8068,0,T-shirt/top
8069,9,Ankle boot
8070,6,Shirt
8071,8,Bag
8072,8,Bag
8073,0,T-shirt/top
8074,7,Sneaker
8075,3,Dress
8076,6,Shirt
8077,9,Ankle boot
8078,8,Bag
8079,9,Ankle boot
8080,9,Ankle boot
8081,4,Coat
8082,9,Ankle boot
8083,6,Shirt
8084,3,Dress
8085,3,Dress
8086,2,Pullover
8087,9,Ankle boot
8088,0,T-shirt/top
8089,8,Bag
8090,0,T-shirt/top
8091,4,Coat
8092,6,Shirt
8093,3,Dress
8094,0,T-shirt/top
8095,0,T-shirt/top
8096,0,T-shirt/top
8097,3,Dress
8098,3,Dress
8099,5,Sandal
8100,9,Ankle boot
8101,4,Coat
8102,7,Sneaker
8103,1,Trouser
8104,5,Sandal
8105,4,Coat
8106,1,Trouser
8107,6,Shirt
8108,1,Trouser
8109,7,Sneaker
8110,9,Ankle boot
8111,4,Coat
8112,6,Shirt
8113,4,Coat
8114,5,Sandal
8115,2,Pullover
8116,9,Ankle boot
8117,4,Coat
8118,9,Ankle boot
8119,8,Bag
8120,8,Bag
8121,7,Sneaker
8122,6,Shirt
8123,2,Pullover
8124,3,Dress
8125,9,Ankle boot
8126,3,Dress
8127,6,Shirt
8128,7,Sneaker
8129,6,Shirt
8130,2,Pullover
8131,5,Sandal
8132,0,T-shirt/top
8133,2,Pullover
8134,1,Trouser
8135,0,T-shirt/top
8136,5,Sandal
8137,7,Sneaker
8138,3,Dress
8139,5,Sandal
8140,9,Ankle boot
8141,2,Pullover
8142,3,Dress
8143,2,Pullover
8144,8,Bag
8145,5,Sandal
8146,8,Bag
8147,1,Trouser
8148,9,Ankle boot
8149,6,Shirt
8150,7,Sneaker
8151,0,T-shirt/top
8152,7,Sneaker
8153,3,Dress
8154,6,Shirt
8155,2,Pullover
8156,5,Sandal
8157,8,Bag
8158,8,Bag
8159,8,Bag
8160,8,Bag
8161,7,Sneaker
8162,4,Coat
8163,0,T-shirt/top
8164,5,Sandal
8165,1,Trouser
8166,5,Sandal
8167,9,Ankle boot
8168,6,Shirt
8169,0,T-shirt/top
8170,9,Ankle boot
8171,5,Sandal
8172,8,Bag
8173,5,Sandal
8174,7,Sneaker
8175,3,Dress
8176,9,Ankle boot
8177,8,Bag
8178,3,Dress
8179,4,Coat
8180,8,Bag
8181,5,Sandal
8182,7,Sneaker
8183,5,Sandal
8184,1,Trouser
8185,1,Trouser
8186,5,Sandal
8187,4,Coat
8188,1,Trouser
8189,2,Pullover
8190,5,Sandal
8191,8,Bag
8192,2,Pullover
8193,9,Ankle boot
8194,6,Shirt
8195,3,Dress
8196,3,Dress
8197,4,Coat
8198,6,Shirt
8199,2,Pullover
8200,4,Coat
8201,1,Trouser
8202,1,Trouser
8203,4,Coat
8204,7,Sneaker
8205,0,T-shirt/top
8206,7,Sneaker
8207,0,T-shirt/top
8208,2,Pullover
8209,8,Bag
8210,8,Bag
8211,8,Bag
8212,8,Bag
8213,7,Sneaker
8214,7,Sneaker
8215,1,Trouser
8216,2,Pullover
8217,6,Shirt
8218,4,Coat
8219,1,Trouser
8220,6,Shirt
8221,0,T-shirt/top
8222,2,Pullover
8223,5,Sandal
8224,8,Bag
8225,2,Pullover
8226,4,Coat
8227,2,Pullover
8228,3,Dress
8229,1,Trouser
8230,5,Sandal
8231,5,Sandal
8232,4,Coat
8233,4,Coat
8234,0,T-shirt/top
8235,5,Sandal
8236,4,Coat
8237,7,Sneaker
8238,0,T-shirt/top
8239,3,Dress
8240,4,Coat
8241,5,Sandal
8242,5,Sandal
8243,7,Sneaker
8244,5,Sandal
8245,7,Sneaker
8246,0,T-shirt/top
8247,1,Trouser
8248,1,Trouser
8249,9,Ankle boot
8250,7,Sneaker
8251,5,Sandal
8252,6,Shirt
8253,1,Trouser
8254,9,Ankle boot
8255,6,Shirt
8256,3,Dress
8257,6,Shirt
8258,5,Sandal
8259,4,Coat
8260,0,T-shirt/top
8261,4,Coat
8262,5,Sandal
8263,7,Sneaker
8264,2,Pullover
8265,2,Pullover
8266,2,Pullover
8267,0,T-shirt/top
8268,5,Sandal
8269,6,Shirt
8270,2,Pullover
8271,3,Dress
8272,7,Sneaker
8273,8,Bag
8274,6,Shirt
8275,2,Pullover
8276,2,Pullover
8277,1,Trouser
8278,1,Trouser
8279,7,Sneaker
8280,5,Sandal
8281,2,Pullover
8282,5,Sandal
8283,3,Dress
8284,4,Coat
8285,8,Bag
8286,5,Sandal
8287,8,Bag
8288,8,Bag
8289,6,Shirt
8290,1,Trouser
8291,4,Coat
8292,3,Dress
8293,7,Sneaker
8294,2,Pullover
8295,9,Ankle boot
8296,0,T-shirt/top
8297,4,Coat
8298,5,Sandal
8299,2,Pullover
8300,3,Dress
8301,4,Coat
8302,9,Ankle boot
8303,5,Sandal
8304,5,Sandal
8305,9,Ankle boot
8306,4,Coat
8307,3,Dress
8308,4,Coat
8309,1,Trouser
8310,1,Trouser
8311,8,Bag
8312,9,Ankle boot
8313,4,Coat
8314,4,Coat
8315,2,Pullover
8316,3,Dress
8317,3,Dress
8318,3,Dress
8319,7,Sneaker
8320,1,Trouser
8321,8,Bag
8322,8,Bag
8323,5,Sandal
8324,3,Dress
8325,3,Dress
8326,7,Sneaker
8327,7,Sneaker
8328,1,Trouser
8329,0,T-shirt/top
8330,1,Trouser
8331,4,Coat
8332,1,Trouser
8333,9,Ankle boot
8334,0,T-shirt/top
8335,4,Coat
8336,1,Trouser
8337,1,Trouser
8338,0,T-shirt/top
8339,7,Sneaker
8340,3,Dress
8341,7,Sneaker
8342,4,Coat
8343,9,Ankle boot
8344,0,T-shirt/top
8345,1,Trouser
8346,8,Bag
8347,9,Ankle boot
8348,0,T-shirt/top
8349,6,Shirt
8350,6,Shirt
8351,0,T-shirt/top
8352,9,Ankle boot
8353,1,Trouser
8354,0,T-shirt/top
8355,1,Trouser
8356,2,Pullover
8357,7,Sneaker
8358,8,Bag
8359,0,T-shirt/top
8360,5,Sandal
8361,6,Shirt
8362,8,Bag
8363,2,Pullover
8364,5,Sandal
8365,5,Sandal
8366,1,Trouser
8367,5,Sandal
8368,9,Ankle boot
8369,1,Trouser
8370,8,Bag
8371,5,Sandal
8372,3,Dress
8373,1,Trouser
8374,2,Pullover
8375,6,Shirt
8376,3,Dress
8377,7,Sneaker
8378,3,Dress
8379,5,Sandal
8380,4,Coat
8381,8,Bag
8382,0,T-shirt/top
8383,7,Sneaker
8384,1,Trouser
8385,2,Pullover
8386,3,Dress
8387,9,Ankle boot
8388,8,Bag
8389,3,Dress
8390,8,Bag
8391,7,Sneaker
8392,7,Sneaker
8393,9,Ankle boot
8394,7,Sneaker
8395,0,T-shirt/top
8396,9,Ankle boot
8397,4,Coat
8398,0,T-shirt/top
8399,9,Ankle boot
8400,6,Shirt
8401,1,Trouser
8402,9,Ankle boot
8403,8,Bag
8404,6,Shirt
8405,3,Dress
8406,7,Sneaker
8407,6,Shirt
8408,9,Ankle boot
8409,5,Sandal
8410,4,Coat
8411,7,Sneaker
8412,1,Trouser
8413,2,Pullover
8414,1,Trouser
8415,2,Pullover
8416,3,Dress
8417,9,Ankle boot
8418,4,Coat
8419,0,T-shirt/top
8420,5,Sandal
8421,2,Pullover
8422,0,T-shirt/top
8423,5,Sandal
8424,5,Sandal
8425,4,Coat
8426,6,Shirt
8427,9,Ankle boot
8428,9,Ankle boot
8429,1,Trouser
8430,0,T-shirt/top
8431,7,Sneaker
8432,7,Sneaker
8433,7,Sneaker
8434,4,Coat
8435,5,Sandal
8436,1,Trouser
8437,4,Coat
8438,0,T-shirt/top
8439,4,Coat
8440,3,Dress
8441,8,Bag
8442,9,Ankle boot
8443,8,Bag
8444,4,Coat
8445,1,Trouser
8446,0,T-shirt/top
8447,8,Bag
8448,3,Dress
8449,9,Ankle boot
8450,8,Bag
8451,8,Bag
8452,7,Sneaker
8453,8,Bag
8454,3,Dress
8455,3,Dress
8456,0,T-shirt/top
8457,7,Sneaker
8458,4,Coat
8459,8,Bag
8460,6,Shirt
8461,9,Ankle boot
8462,9,Ankle boot
8463,6,Shirt
8464,7,Sneaker
8465,7,Sneaker
8466,6,Shirt
8467,2,Pullover
8468,1,Trouser
8469,5,Sandal
8470,3,Dress
8471,2,Pullover
8472,3,Dress
8473,5,Sandal
8474,5,Sandal
8475,0,T-shirt/top
8476,8,Bag
8477,4,Coat
8478,7,Sneaker
8479,8,Bag
8480,9,Ankle boot
8481,4,Coat
8482,2,Pullover
8483,1,Trouser
8484,7,Sneaker
8485,4,Coat
8486,2,Pullover
8487,4,Coat
8488,9,Ankle boot
8489,4,Coat
8490,3,Dress
8491,6,Shirt
8492,0,T-shirt/top
8493,7,Sneaker
8494,7,Sneaker
8495,8,Bag
8496,0,T-shirt/top
8497,9,Ankle boot
8498,1,Trouser
8499,2,Pullover
8500,6,Shirt
8501,2,Pullover
8502,9,Ankle boot
8503,7,Sneaker
8504,1,Trouser
8505,9,Ankle boot
8506,9,Ankle boot
8507,3,Dress
8508,3,Dress
8509,1,Trouser
8510,2,Pullover
8511,3,Dress
8512,5,Sandal
8513,4,Coat
8514,3,Dress
8515,7,Sneaker
8516,4,Coat
8517,1,Trouser
8518,4,Coat
8519,4,Coat
8520,2,Pullover
8521,7,Sneaker
8522,5,Sandal
8523,4,Coat
8524,6,Shirt
8525,7,Sneaker
8526,7,Sneaker
8527,8,Bag
8528,1,Trouser
8529,8,Bag
8530,1,Trouser
8531,2,Pullover
8532,2,Pullover
8533,5,Sandal
8534,5,Sandal
8535,6,Shirt
8536,1,Trouser
8537,2,Pullover
8538,6,Shirt
8539,0,T-shirt/top
8540,1,Trouser
8541,2,Pullover
8542,0,T-shirt/top
8543,7,Sneaker
8544,6,Shirt
8545,8,Bag
8546,8,Bag
8547,2,Pullover
8548,8,Bag
8549,2,Pullover
8550,5,Sandal
8551,0,T-shirt/top
8552,0,T-shirt/top
8553,1,Trouser
8554,7,Sneaker
8555,9,Ankle boot
8556,7,Sneaker
8557,3,Dress
8558,5,Sandal
8559,4,Coat
8560,0,T-shirt/top
8561,2,Pullover
8562,8,Bag
8563,7,Sneaker
8564,1,Trouser
8565,0,T-shirt/top
8566,8,Bag
8567,7,Sneaker
8568,8,Bag
8569,2,Pullover
8570,4,Coat
8571,8,Bag
8572,2,Pullover
8573,8,Bag
8574,0,T-shirt/top
8575,1,Trouser
8576,5,Sandal
8577,3,Dress
8578,8,Bag
8579,1,Trouser
8580,7,Sneaker
8581,2,Pullover
8582,9,Ankle boot
8583,3,Dress
8584,7,Sneaker
8585,9,Ankle boot
8586,5,Sandal
8587,1,Trouser
8588,8,Bag
8589,3,Dress
8590,0,T-shirt/top
8591,9,Ankle boot
8592,0,T-shirt/top
8593,0,T-shirt/top
8594,2,Pullover
8595,4,Coat
8596,2,Pullover
8597,7,Sneaker
8598,6,Shirt
8599,0,T-shirt/top
8600,9,Ankle boot
8601,8,Bag
8602,8,Bag
8603,1,Trouser
8604,5,Sandal
8605,7,Sneaker
8606,7,Sneaker
8607,1,Trouser
8608,7,Sneaker
8609,5,Sandal
8610,4,Coat
8611,1,Trouser
8612,0,T-shirt/top
8613,7,Sneaker
8614,8,Bag
8615,7,Sneaker
8616,3,Dress
8617,7,Sneaker
8618,0,T-shirt/top
8619,8,Bag
8620,5,Sandal
8621,5,Sandal
8622,4,Coat
8623,6,Shirt
8624,7,Sneaker
8625,2,Pullover
8626,0,T-shirt/top
8627,3,Dress
8628,2,Pullover
8629,0,T-shirt/top
8630,4,Coat
8631,7,Sneaker
8632,8,Bag
8633,6,Shirt
8634,6,Shirt
8635,0,T-shirt/top
8636,1,Trouser
8637,5,Sandal
8638,3,Dress
8639,8,Bag
8640,3,Dress
8641,9,Ankle boot
8642,7,Sneaker
8643,1,Trouser
8644,7,Sneaker
8645,1,Trouser
8646,0,T-shirt/top
8647,3,Dress
8648,8,Bag
8649,5,Sandal
8650,6,Shirt
8651,0,T-shirt/top
8652,6,Shirt
8653,4,Coat
8654,1,Trouser
8655,1,Trouser
8656,2,Pullover
8657,9,Ankle boot
8658,0,T-shirt/top
8659,8,Bag
8660,2,Pullover
8661,1,Trouser
8662,3,Dress
8663,2,Pullover
8664,7,Sneaker
8665,0,T-shirt/top
8666,1,Trouser
8667,8,Bag
8668,5,Sandal
8669,7,Sneaker
8670,3,Dress
8671,0,T-shirt/top
8672,5,Sandal
8673,0,T-shirt/top
8674,4,Coat
8675,6,Shirt
8676,2,Pullover
8677,2,Pullover
8678,5,Sandal
8679,4,Coat
8680,1,Trouser
8681,8,Bag
8682,2,Pullover
8683,1,Trouser
8684,5,Sandal
8685,3,Dress
8686,8,Bag
8687,8,Bag
8688,9,Ankle boot
8689,9,Ankle boot
8690,0,T-shirt/top
8691,1,Trouser
8692,8,Bag
8693,1,Trouser
8694,4,Coat
8695,9,Ankle boot
8696,0,T-shirt/top
8697,3,Dress
8698,1,Trouser
8699,1,Trouser
8700,4,Coat
8701,7,Sneaker
8702,8,Bag
8703,3,Dress
8704,4,Coat
8705,9,Ankle boot
8706,3,Dress
8707,2,Pullover
8708,8,Bag
8709,4,Coat
8710,8,Bag
8711,6,Shirt
8712,9,Ankle boot
8713,4,Coat
8714,7,Sneaker
8715,5,Sandal
8716,0,T-shirt/top
8717,3,Dress
8718,2,Pullover
8719,4,Coat
8720,5,Sandal
8721,7,Sneaker
8722,3,Dress
8723,7,Sneaker
8724,4,Coat
8725,6,Shirt
8726,6,Shirt
8727,9,Ankle boot
8728,3,Dress
8729,0,T-shirt/top
8730,5,Sandal
8731,4,Coat
8732,1,Trouser
8733,2,Pullover
8734,1,Trouser
8735,8,Bag
8736,1,Trouser
8737,9,Ankle boot
8738,4,Coat
8739,8,Bag
8740,9,Ankle boot
8741,9,Ankle boot
8742,3,Dress
8743,3,Dress
8744,7,Sneaker
8745,0,T-shirt/top
8746,0,T-shirt/top
8747,6,Shirt
8748,1,Trouser
8749,0,T-shirt/top
8750,4,Coat
8751,6,Shirt
8752,4,Coat
8753,4,Coat
8754,2,Pullover
8755,9,Ankle boot
8756,0,T-shirt/top
8757,6,Shirt
8758,3,Dress
8759,4,Coat
8760,0,T-shirt/top
8761,0,T-shirt/top
8762,1,Trouser
8763,3,Dress
8764,8,Bag
8765,6,Shirt
8766,5,Sandal
8767,7,Sneaker
8768,9,Ankle boot
8769,6,Shirt
8770,6,Shirt
8771,3,Dress
8772,7,Sneaker
8773,9,Ankle boot
8774,1,Trouser
8775,6,Shirt
8776,7,Sneaker
8777,7,Sneaker
8778,5,Sandal
8779,8,Bag
8780,0,T-shirt/top
8781,9,Ankle boot
8782,1,Trouser
8783,0,T-shirt/top
8784,1,Trouser
8785,4,Coat
8786,9,Ankle boot
8787,1,Trouser
8788,6,Shirt
8789,5,Sandal
8790,3,Dress
8791,3,Dress
8792,0,T-shirt/top
8793,7,Sneaker
8794,1,Trouser
8795,2,Pullover
8796,7,Sneaker
8797,9,Ankle boot
8798,3,Dress
8799,7,Sneaker
8800,4,Coat
8801,4,Coat
8802,4,Coat
8803,6,Shirt
8804,7,Sneaker
8805,4,Coat
8806,7,Sneaker
8807,0,T-shirt/top
8808,1,Trouser
8809,9,Ankle boot
8810,8,Bag
8811,8,Bag
8812,7,Sneaker
8813,0,T-shirt/top
8814,1,Trouser
8815,6,Shirt
8816,0,T-shirt/top
8817,9,Ankle boot
8818,7,Sneaker
8819,9,Ankle boot
8820,9,Ankle boot
8821,1,Trouser
8822,2,Pullover
8823,0,T-shirt/top
8824,4,Coat
8825,7,Sneaker
8826,4,Coat
8827,3,Dress
8828,3,Dress
8829,1,Trouser
8830,7,Sneaker
8831,5,Sandal
8832,7,Sneaker
8833,6,Shirt
8834,9,Ankle boot
8835,0,T-shirt/top
8836,0,T-shirt/top
8837,3,Dress
8838,1,Trouser
8839,4,Coat
8840,7,Sneaker
8841,9,Ankle boot
8842,6,Shirt
8843,6,Shirt
8844,7,Sneaker
8845,8,Bag
8846,4,Coat
8847,7,Sneaker
8848,4,Coat
8849,0,T-shirt/top
8850,8,Bag
8851,3,Dress
8852,0,T-shirt/top
8853,1,Trouser
8854,7,Sneaker
8855,9,Ankle boot
8856,6,Shirt
8857,9,Ankle boot
8858,1,Trouser
8859,6,Shirt
8860,6,Shirt
8861,7,Sneaker
8862,1,Trouser
8863,0,T-shirt/top
8864,6,Shirt
8865,3,Dress
8866,7,Sneaker
8867,2,Pullover
8868,1,Trouser
8869,8,Bag
8870,2,Pullover
8871,5,Sandal
8872,9,Ankle boot
8873,5,Sandal
8874,8,Bag
8875,1,Trouser
8876,0,T-shirt/top
8877,9,Ankle boot
8878,0,T-shirt/top
8879,6,Shirt
8880,8,Bag
8881,1,Trouser
8882,1,Trouser
8883,4,Coat
8884,7,Sneaker
8885,3,Dress
8886,0,T-shirt/top
8887,7,Sneaker
8888,9,Ankle boot
8889,8,Bag
8890,9,Ankle boot
8891,5,Sandal
8892,4,Coat
8893,0,T-shirt/top
8894,4,Coat
8895,7,Sneaker
8896,4,Coat
8897,3,Dress
8898,8,Bag
8899,3,Dress
8900,8,Bag
8901,1,Trouser
8902,1,Trouser
8903,2,Pullover
8904,4,Coat
8905,8,Bag
8906,1,Trouser
8907,6,Shirt
8908,8,Bag
8909,1,Trouser
8910,8,Bag
8911,5,Sandal
8912,3,Dress
8913,2,Pullover
8914,7,Sneaker
8915,0,T-shirt/top
8916,2,Pullover
8917,4,Coat
8918,9,Ankle boot
8919,6,Shirt
8920,2,Pullover
8921,4,Coat
8922,9,Ankle boot
8923,9,Ankle boot
8924,6,Shirt
8925,9,Ankle boot
8926,9,Ankle boot
8927,6,Shirt
8928,7,Sneaker
8929,3,Dress
8930,4,Coat
8931,3,Dress
8932,3,Dress
8933,9,Ankle boot
8934,6,Shirt
8935,7,Sneaker
8936,7,Sneaker
8937,8,Bag
8938,1,Trouser
8939,1,Trouser
8940,0,T-shirt/top
8941,6,Shirt
8942,5,Sandal
8943,7,Sneaker
8944,9,Ankle boot
8945,4,Coat
8946,7,Sneaker
8947,4,Coat
8948,7,Sneaker
8949,0,T-shirt/top
8950,6,Shirt
8951,2,Pullover
8952,9,Ankle boot
8953,7,Sneaker
8954,7,Sneaker
8955,7,Sneaker
8956,5,Sandal
8957,0,T-shirt/top
8958,1,Trouser
8959,2,Pullover
8960,3,Dress
8961,4,Coat
8962,6,Shirt
8963,2,Pullover
8964,0,T-shirt/top
8965,9,Ankle boot
8966,8,Bag
8967,7,Sneaker
8968,8,Bag
8969,4,Coat
8970,2,Pullover
8971,8,Bag
8972,9,Ankle boot
8973,9,Ankle boot
8974,1,Trouser
8975,6,Shirt
8976,7,Sneaker
8977,9,Ankle boot
8978,9,Ankle boot
8979,0,T-shirt/top
8980,1,Trouser
8981,5,Sandal
8982,1,Trouser
8983,1,Trouser
8984,3,Dress
8985,6,Shirt
8986,7,Sneaker
8987,9,Ankle boot
8988,8,Bag
8989,3,Dress
8990,4,Coat
8991,8,Bag
8992,5,Sandal
8993,2,Pullover
8994,4,Coat
8995,3,Dress
8996,6,Shirt
8997,8,Bag
8998,0,T-shirt/top
8999,9,Ankle boot
9000,6,Shirt
9001,6,Shirt
9002,9,Ankle boot
9003,0,T-shirt/top
9004,1,Trouser
9005,6,Shirt
9006,8,Bag
9007,1,Trouser
9008,8,Bag
9009,2,Pullover
9010,1,Trouser
9011,8,Bag
9012,1,Trouser
9013,7,Sneaker
9014,1,Trouser
9015,9,Ankle boot
9016,1,Trouser
9017,8,Bag
9018,3,Dress
9019,9,Ankle boot
9020,4,Coat
9021,1,Trouser
9022,0,T-shirt/top
9023,8,Bag
9024,4,Coat
9025,4,Coat
9026,4,Coat
9027,8,Bag
9028,2,Pullover
9029,2,Pullover
9030,5,Sandal
9031,5,Sandal
9032,0,T-shirt/top
9033,2,Pullover
9034,4,Coat
9035,9,Ankle boot
9036,8,Bag
9037,0,T-shirt/top
9038,1,Trouser
9039,0,T-shirt/top
9040,0,T-shirt/top
9041,4,Coat
9042,8,Bag
9043,3,Dress
9044,4,Coat
9045,7,Sneaker
9046,7,Sneaker
9047,5,Sandal
9048,9,Ankle boot
9049,2,Pullover
9050,5,Sandal
9051,4,Coat
9052,4,Coat
9053,9,Ankle boot
9054,9,Ankle boot
9055,4,Coat
9056,6,Shirt
9057,7,Sneaker
9058,2,Pullover
9059,9,Ankle boot
9060,1,Trouser
9061,4,Coat
9062,0,T-shirt/top
9063,2,Pullover
9064,8,Bag
9065,3,Dress
9066,1,Trouser
9067,9,Ankle boot
9068,6,Shirt
9069,1,Trouser
9070,6,Shirt
9071,7,Sneaker
9072,0,T-shirt/top
9073,8,Bag
9074,7,Sneaker
9075,6,Shirt
9076,4,Coat
9077,6,Shirt
9078,4,Coat
9079,1,Trouser
9080,1,Trouser
9081,9,Ankle boot
9082,8,Bag
9083,8,Bag
9084,9,Ankle boot
9085,1,Trouser
9086,2,Pullover
9087,6,Shirt
9088,0,T-shirt/top
9089,5,Sandal
9090,4,Coat
9091,5,Sandal
9092,3,Dress
9093,8,Bag
9094,3,Dress
9095,2,Pullover
9096,3,Dress
9097,8,Bag
9098,6,Shirt
9099,1,Trouser
9100,5,Sandal
9101,0,T-shirt/top
9102,3,Dress
9103,3,Dress
9104,1,Trouser
9105,9,Ankle boot
9106,2,Pullover
9107,8,Bag
9108,7,Sneaker
9109,8,Bag
9110,2,Pullover
9111,3,Dress
9112,6,Shirt
9113,2,Pullover
9114,5,Sandal
9115,6,Shirt
9116,9,Ankle boot
9117,0,T-shirt/top
9118,7,Sneaker
9119,1,Trouser
9120,1,Trouser
9121,7,Sneaker
9122,9,Ankle boot
9123,0,T-shirt/top
9124,1,Trouser
9125,6,Shirt
9126,7,Sneaker
9127,7,Sneaker
9128,4,Coat
9129,6,Shirt
9130,3,Dress
9131,3,Dress
9132,6,Shirt
9133,1,Trouser
9134,0,T-shirt/top
9135,0,T-shirt/top
9136,9,Ankle boot
9137,9,Ankle boot
9138,8,Bag
9139,4,Coat
9140,9,Ankle boot
9141,6,Shirt
9142,2,Pullover
9143,5,Sandal
9144,4,Coat
9145,7,Sneaker
9146,2,Pullover
9147,6,Shirt
9148,5,Sandal
9149,2,Pullover
9150,0,T-shirt/top
9151,9,Ankle boot
9152,3,Dress
9153,7,Sneaker
9154,0,T-shirt/top
9155,6,Shirt
9156,3,Dress
9157,5,Sandal
9158,2,Pullover
9159,4,Coat
9160,3,Dress
9161,2,Pullover
9162,6,Shirt
9163,9,Ankle boot
9164,8,Bag
9165,8,Bag
9166,0,T-shirt/top
9167,2,Pullover
9168,0,T-shirt/top
9169,0,T-shirt/top
9170,3,Dress
9171,9,Ankle boot
9172,2,Pullover
9173,2,Pullover
9174,8,Bag
9175,1,Trouser
9176,9,Ankle boot
9177,2,Pullover
9178,4,Coat
9179,9,Ankle boot
9180,3,Dress
9181,0,T-shirt/top
9182,2,Pullover
9183,0,T-shirt/top
9184,8,Bag
9185,7,Sneaker
9186,0,T-shirt/top
9187,5,Sandal
9188,0,T-shirt/top
9189,6,Shirt
9190,3,Dress
9191,1,Trouser
9192,3,Dress
9193,0,T-shirt/top
9194,5,Sandal
9195,5,Sandal
9196,4,Coat
9197,3,Dress
9198,7,Sneaker
9199,0,T-shirt/top
9200,6,Shirt
9201,2,Pullover
9202,9,Ankle boot
9203,0,T-shirt/top
9204,7,Sneaker
9205,3,Dress
9206,5,Sandal
9207,6,Shirt
9208,8,Bag
9209,2,Pullover
9210,1,Trouser
9211,0,T-shirt/top
9212,3,Dress
9213,4,Coat
9214,5,Sandal
9215,9,Ankle boot
9216,3,Dress
9217,5,Sandal
9218,0,T-shirt/top
9219,6,Shirt
9220,0,T-shirt/top
9221,7,Sneaker
9222,4,Coat
9223,0,T-shirt/top
9224,8,Bag
9225,3,Dress
9226,3,Dress
9227,8,Bag
9228,8,Bag
9229,3,Dress
9230,8,Bag
9231,9,Ankle boot
9232,4,Coat
9233,0,T-shirt/top
9234,8,Bag
9235,8,Bag
9236,3,Dress
9237,8,Bag
9238,2,Pullover
9239,7,Sneaker
9240,7,Sneaker
9241,0,T-shirt/top
9242,3,Dress
9243,6,Shirt
9244,8,Bag
9245,1,Trouser
9246,5,Sandal
9247,9,Ankle boot
9248,2,Pullover
9249,2,Pullover
9250,8,Bag
9251,9,Ankle boot
9252,4,Coat
9253,1,Trouser
9254,0,T-shirt/top
9255,5,Sandal
9256,5,Sandal
9257,4,Coat
9258,2,Pullover
9259,8,Bag
9260,2,Pullover
9261,3,Dress
9262,0,T-shirt/top
9263,7,Sneaker
9264,4,Coat
9265,5,Sandal
9266,3,Dress
9267,7,Sneaker
9268,4,Coat
9269,5,Sandal
9270,8,Bag
9271,8,Bag
9272,3,Dress
9273,9,Ankle boot
9274,9,Ankle boot
9275,0,T-shirt/top
9276,6,Shirt
9277,8,Bag
9278,6,Shirt
9279,3,Dress
9280,6,Shirt
9281,4,Coat
9282,9,Ankle boot
9283,2,Pullover
9284,5,Sandal
9285,6,Shirt
9286,5,Sandal
9287,6,Shirt
9288,3,Dress
9289,1,Trouser
9290,7,Sneaker
9291,8,Bag
9292,0,T-shirt/top
9293,4,Coat
9294,7,Sneaker
9295,3,Dress
9296,3,Dress
9297,8,Bag
9298,6,Shirt
9299,8,Bag
9300,9,Ankle boot
9301,2,Pullover
9302,8,Bag
9303,5,Sandal
9304,4,Coat
9305,9,Ankle boot
9306,6,Shirt
9307,4,Coat
9308,4,Coat
9309,6,Shirt
9310,0,T-shirt/top
9311,1,Trouser
9312,1,Trouser
9313,9,Ankle boot
9314,3,Dress
9315,8,Bag
9316,2,Pullover
9317,1,Trouser
9318,9,Ankle boot
9319,5,Sandal
9320,8,Bag
9321,4,Coat
9322,8,Bag
9323,4,Coat
9324,3,Dress
9325,5,Sandal
9326,2,Pullover
9327,6,Shirt
9328,4,Coat
9329,9,Ankle boot
9330,2,Pullover
9331,6,Shirt
9332,2,Pullover
9333,9,Ankle boot
9334,8,Bag
9335,0,T-shirt/top
9336,5,Sandal
9337,9,Ankle boot
9338,4,Coat
9339,4,Coat
9340,5,Sandal
9341,2,Pullover
9342,1,Trouser
9343,0,T-shirt/top
9344,7,Sneaker
9345,2,Pullover
9346,4,Coat
9347,2,Pullover
9348,7,Sneaker
9349,4,Coat
9350,6,Shirt
9351,3,Dress
9352,6,Shirt
9353,1,Trouser
9354,5,Sandal
9355,4,Coat
9356,0,T-shirt/top
9357,1,Trouser
9358,9,Ankle boot
9359,9,Ankle boot
9360,5,Sandal
9361,6,Shirt
9362,5,Sandal
9363,2,Pullover
9364,9,Ankle boot
9365,2,Pullover
9366,6,Shirt
9367,3,Dress
9368,5,Sandal
9369,4,Coat
9370,8,Bag
9371,9,Ankle boot
9372,0,T-shirt/top
9373,9,Ankle boot
9374,7,Sneaker
9375,5,Sandal
9376,7,Sneaker
9377,7,Sneaker
9378,9,Ankle boot
9379,3,Dress
9380,4,Coat
9381,8,Bag
9382,4,Coat
9383,3,Dress
9384,9,Ankle boot
9385,3,Dress
9386,1,Trouser
9387,0,T-shirt/top
9388,2,Pullover
9389,5,Sandal
9390,2,Pullover
9391,8,Bag
9392,7,Sneaker
9393,9,Ankle boot
9394,7,Sneaker
9395,7,Sneaker
9396,7,Sneaker
9397,9,Ankle boot
9398,2,Pullover
9399,6,Shirt
9400,0,T-shirt/top
9401,6,Shirt
9402,7,Sneaker
9403,2,Pullover
9404,1,Trouser
9405,8,Bag
9406,0,T-shirt/top
9407,3,Dress
9408,8,Bag
9409,5,Sandal
9410,0,T-shirt/top
9411,5,Sandal
9412,6,Shirt
9413,9,Ankle boot
9414,1,Trouser
9415,1,Trouser
9416,2,Pullover
9417,2,Pullover
9418,8,Bag
9419,9,Ankle boot
9420,7,Sneaker
9421,7,Sneaker
9422,5,Sandal
9423,8,Bag
9424,6,Shirt
9425,1,Trouser
9426,4,Coat
9427,0,T-shirt/top
9428,1,Trouser
9429,8,Bag
9430,4,Coat
9431,3,Dress
9432,4,Coat
9433,7,Sneaker
9434,9,Ankle boot
9435,3,Dress
9436,7,Sneaker
9437,5,Sandal
9438,5,Sandal
9439,0,T-shirt/top
9440,9,Ankle boot
9441,1,Trouser
9442,2,Pullover
9443,1,Trouser
9444,2,Pullover
9445,7,Sneaker
9446,8,Bag
9447,6,Shirt
9448,9,Ankle boot
9449,3,Dress
9450,4,Coat
9451,0,T-shirt/top
9452,1,Trouser
9453,7,Sneaker
9454,2,Pullover
9455,1,Trouser
9456,6,Shirt
9457,5,Sandal
9458,9,Ankle boot
9459,0,T-shirt/top
9460,0,T-shirt/top
9461,9,Ankle boot
9462,5,Sandal
9463,3,Dress
9464,8,Bag
9465,8,Bag
9466,2,Pullover
9467,8,Bag
9468,5,Sandal
9469,7,Sneaker
9470,0,T-shirt/top
9471,7,Sneaker
9472,0,T-shirt/top
9473,9,Ankle boot
9474,6,Shirt
9475,9,Ankle boot
9476,2,Pullover
9477,9,Ankle boot
9478,4,Coat
9479,8,Bag
9480,5,Sandal
9481,2,Pullover
9482,0,T-shirt/top
9483,1,Trouser
9484,6,Shirt
9485,6,Shirt
9486,2,Pullover
9487,7,Sneaker
9488,4,Coat
9489,1,Trouser
9490,7,Sneaker
9491,7,Sneaker
9492,8,Bag
9493,5,Sandal
9494,7,Sneaker
9495,0,T-shirt/top
9496,4,Coat
9497,6,Shirt
9498,2,Pullover
9499,1,Trouser
9500,3,Dress
9501,8,Bag
9502,0,T-shirt/top
9503,3,Dress
9504,2,Pullover
9505,9,Ankle boot
9506,5,Sandal
9507,9,Ankle boot
9508,1,Trouser
9509,0,T-shirt/top
9510,4,Coat
9511,3,Dress
9512,7,Sneaker
9513,6,Shirt
9514,4,Coat
9515,3,Dress
9516,1,Trouser
9517,8,Bag
9518,4,Coat
9519,7,Sneaker
9520,2,Pullover
9521,5,Sandal
9522,9,Ankle boot
9523,3,Dress
9524,1,Trouser
9525,5,Sandal
9526,1,Trouser
9527,9,Ankle boot
9528,2,Pullover
9529,9,Ankle boot
9530,6,Shirt
9531,2,Pullover
9532,6,Shirt
9533,1,Trouser
9534,8,Bag
9535,3,Dress
9536,9,Ankle boot
9537,8,Bag
9538,4,Coat
9539,0,T-shirt/top
9540,4,Coat
9541,8,Bag
9542,4,Coat
9543,5,Sandal
9544,1,Trouser
9545,2,Pullover
9546,2,Pullover
9547,6,Shirt
9548,4,Coat
9549,1,Trouser
9550,8,Bag
9551,5,Sandal
9552,7,Sneaker
9553,7,Sneaker
9554,7,Sneaker
9555,6,Shirt
9556,5,Sandal
9557,5,Sandal
9558,7,Sneaker
9559,9,Ankle boot
9560,9,Ankle boot
9561,8,Bag
9562,2,Pullover
9563,8,Bag
9564,2,Pullover
9565,1,Trouser
9566,3,Dress
9567,3,Dress
9568,4,Coat
9569,8,Bag
9570,9,Ankle boot
9571,4,Coat
9572,0,T-shirt/top
9573,7,Sneaker
9574,3,Dress
9575,6,Shirt
9576,8,Bag
9577,1,Trouser
9578,2,Pullover
9579,6,Shirt
9580,1,Trouser
9581,0,T-shirt/top
9582,5,Sandal
9583,4,Coat
9584,9,Ankle boot
9585,7,Sneaker
9586,2,Pullover
9587,8,Bag
9588,7,Sneaker
9589,3,Dress
9590,7,Sneaker
9591,2,Pullover
9592,1,Trouser
9593,2,Pullover
9594,1,Trouser
9595,7,Sneaker
9596,4,Coat
9597,8,Bag
9598,8,Bag
9599,5,Sandal
9600,0,T-shirt/top
9601,2,Pullover
9602,0,T-shirt/top
9603,0,T-shirt/top
9604,1,Trouser
9605,2,Pullover
9606,6,Shirt
9607,5,Sandal
9608,0,T-shirt/top
9609,1,Trouser
9610,5,Sandal
9611,5,Sandal
9612,2,Pullover
9613,5,Sandal
9614,1,Trouser
9615,7,Sneaker
9616,8,Bag
9617,7,Sneaker
9618,1,Trouser
9619,2,Pullover
9620,7,Sneaker
9621,0,T-shirt/top
9622,9,Ankle boot
9623,3,Dress
9624,1,Trouser
9625,9,Ankle boot
9626,0,T-shirt/top
9627,4,Coat
9628,2,Pullover
9629,6,Shirt
9630,5,Sandal
9631,9,Ankle boot
9632,9,Ankle boot
9633,2,Pullover
9634,2,Pullover
9635,7,Sneaker
9636,1,Trouser
9637,8,Bag
9638,1,Trouser
9639,4,Coat
9640,2,Pullover
9641,3,Dress
9642,7,Sneaker
9643,8,Bag
9644,4,Coat
9645,0,T-shirt/top
9646,4,Coat
9647,5,Sandal
9648,1,Trouser
9649,2,Pullover
9650,9,Ankle boot
9651,3,Dress
9652,5,Sandal
9653,8,Bag
9654,0,T-shirt/top
9655,1,Trouser
9656,9,Ankle boot
9657,6,Shirt
9658,7,Sneaker
9659,3,Dress
9660,7,Sneaker
9661,4,Coat
9662,4,Coat
9663,2,Pullover
9664,0,T-shirt/top
9665,2,Pullover
9666,1,Trouser
9667,3,Dress
9668,3,Dress
9669,0,T-shirt/top
9670,7,Sneaker
9671,0,T-shirt/top
9672,5,Sandal
9673,9,Ankle boot
9674,8,Bag
9675,9,Ankle boot
9676,3,Dress
9677,7,Sneaker
9678,9,Ankle boot
9679,9,Ankle boot
9680,4,Coat
9681,8,Bag
9682,8,Bag
9683,0,T-shirt/top
9684,1,Trouser
9685,4,Coat
9686,4,Coat
9687,0,T-shirt/top
9688,2,Pullover
9689,8,Bag
9690,1,Trouser
9691,2,Pullover
9692,1,Trouser
9693,3,Dress
9694,3,Dress
9695,2,Pullover
9696,7,Sneaker
9697,8,Bag
9698,7,Sneaker
9699,0,T-shirt/top
9700,4,Coat
9701,3,Dress
9702,4,Coat
9703,4,Coat
9704,5,Sandal
9705,7,Sneaker
9706,9,Ankle boot
9707,4,Coat
9708,5,Sandal
9709,2,Pullover
9710,4,Coat
9711,5,Sandal
9712,0,T-shirt/top
9713,1,Trouser
9714,7,Sneaker
9715,6,Shirt
9716,7,Sneaker
9717,6,Shirt
9718,0,T-shirt/top
9719,0,T-shirt/top
9720,3,Dress
9721,5,Sandal
9722,1,Trouser
9723,1,Trouser
9724,2,Pullover
9725,4,Coat
9726,6,Shirt
9727,9,Ankle boot
9728,8,Bag
9729,1,Trouser
9730,0,T-shirt/top
9731,1,Trouser
9732,6,Shirt
9733,8,Bag
9734,5,Sandal
9735,4,Coat
9736,0,T-shirt/top
9737,4,Coat
9738,0,T-shirt/top
9739,4,Coat
9740,9,Ankle boot
9741,3,Dress
9742,8,Bag
9743,5,Sandal
9744,2,Pullover
9745,8,Bag
9746,6,Shirt
9747,2,Pullover
9748,8,Bag
9749,0,T-shirt/top
9750,4,Coat
9751,4,Coat
9752,0,T-shirt/top
9753,8,Bag
9754,7,Sneaker
9755,5,Sandal
9756,2,Pullover
9757,8,Bag
9758,9,Ankle boot
9759,2,Pullover
9760,9,Ankle boot
9761,5,Sandal
9762,9,Ankle boot
9763,2,Pullover
9764,1,Trouser
9765,0,T-shirt/top
9766,4,Coat
9767,1,Trouser
9768,7,Sneaker
9769,7,Sneaker
9770,1,Trouser
9771,7,Sneaker
9772,3,Dress
9773,5,Sandal
9774,8,Bag
9775,7,Sneaker
9776,2,Pullover
9777,5,Sandal
9778,1,Trouser
9779,5,Sandal
9780,2,Pullover
9781,0,T-shirt/top
9782,6,Shirt
9783,0,T-shirt/top
9784,1,Trouser
9785,2,Pullover
9786,4,Coat
9787,4,Coat
9788,8,Bag
9789,0,T-shirt/top
9790,3,Dress
9791,2,Pullover
9792,2,Pullover
9793,3,Dress
9794,5,Sandal
9795,1,Trouser
9796,3,Dress
9797,3,Dress
9798,0,T-shirt/top
9799,5,Sandal
9800,1,Trouser
9801,8,Bag
9802,3,Dress
9803,1,Trouser
9804,8,Bag
9805,5,Sandal
9806,8,Bag
9807,4,Coat
9808,2,Pullover
9809,0,T-shirt/top
9810,3,Dress
9811,7,Sneaker
9812,8,Bag
9813,1,Trouser
9814,3,Dress
9815,9,Ankle boot
9816,0,T-shirt/top
9817,2,Pullover
9818,8,Bag
9819,1,Trouser
9820,4,Coat
9821,8,Bag
9822,8,Bag
9823,3,Dress
9824,0,T-shirt/top
9825,8,Bag
9826,5,Sandal
9827,7,Sneaker
9828,5,Sandal
9829,4,Coat
9830,7,Sneaker
9831,7,Sneaker
9832,6,Shirt
9833,1,Trouser
9834,8,Bag
9835,1,Trouser
9836,7,Sneaker
9837,7,Sneaker
9838,0,T-shirt/top
9839,3,Dress
9840,1,Trouser
9841,6,Shirt
9842,5,Sandal
9843,5,Sandal
9844,3,Dress
9845,8,Bag
9846,9,Ankle boot
9847,4,Coat
9848,0,T-shirt/top
9849,9,Ankle boot
9850,5,Sandal
9851,1,Trouser
9852,7,Sneaker
9853,6,Shirt
9854,1,Trouser
9855,5,Sandal
9856,2,Pullover
9857,0,T-shirt/top
9858,3,Dress
9859,3,Dress
9860,8,Bag
9861,7,Sneaker
9862,1,Trouser
9863,3,Dress
9864,4,Coat
9865,4,Coat
9866,7,Sneaker
9867,7,Sneaker
9868,3,Dress
9869,2,Pullover
9870,7,Sneaker
9871,3,Dress
9872,3,Dress
9873,7,Sneaker
9874,8,Bag
9875,8,Bag
9876,2,Pullover
9877,5,Sandal
9878,6,Shirt
9879,9,Ankle boot
9880,7,Sneaker
9881,3,Dress
9882,2,Pullover
9883,9,Ankle boot
9884,3,Dress
9885,0,T-shirt/top
9886,5,Sandal
9887,5,Sandal
9888,6,Shirt
9889,9,Ankle boot
9890,1,Trouser
9891,4,Coat
9892,1,Trouser
9893,5,Sandal
9894,6,Shirt
9895,4,Coat
9896,1,Trouser
9897,4,Coat
9898,0,T-shirt/top
9899,3,Dress
9900,3,Dress
9901,6,Shirt
9902,3,Dress
9903,0,T-shirt/top
9904,8,Bag
9905,4,Coat
9906,7,Sneaker
9907,5,Sandal
9908,5,Sandal
9909,7,Sneaker
9910,0,T-shirt/top
9911,7,Sneaker
9912,9,Ankle boot
9913,4,Coat
9914,4,Coat
9915,2,Pullover
9916,9,Ankle boot
9917,2,Pullover
9918,9,Ankle boot
9919,1,Trouser
9920,8,Bag
9921,8,Bag
9922,8,Bag
9923,5,Sandal
9924,8,Bag
9925,3,Dress
9926,8,Bag
9927,9,Ankle boot
9928,3,Dress
9929,8,Bag
9930,0,T-shirt/top
9931,2,Pullover
9932,1,Trouser
9933,8,Bag
9934,4,Coat
9935,6,Shirt
9936,0,T-shirt/top
9937,0,T-shirt/top
9938,9,Ankle boot
9939,5,Sandal
9940,3,Dress
9941,1,Trouser
9942,5,Sandal
9943,1,Trouser
9944,3,Dress
9945,5,Sandal
9946,0,T-shirt/top
9947,6,Shirt
9948,2,Pullover
9949,1,Trouser
9950,7,Sneaker
9951,3,Dress
9952,0,T-shirt/top
9953,8,Bag
9954,2,Pullover
9955,9,Ankle boot
9956,6,Shirt
9957,9,Ankle boot
9958,0,T-shirt/top
9959,0,T-shirt/top
9960,4,Coat
9961,1,Trouser
9962,2,Pullover
9963,6,Shirt
9964,4,Coat
9965,9,Ankle boot
9966,1,Trouser
9967,4,Coat
9968,9,Ankle boot
9969,7,Sneaker
9970,2,Pullover
9971,2,Pullover
9972,6,Shirt
9973,0,T-shirt/top
9974,9,Ankle boot
9975,7,Sneaker
9976,8,Bag
9977,5,Sandal
9978,0,T-shirt/top
9979,9,Ankle boot
9980,0,T-shirt/top
9981,0,T-shirt/top
9982,0,T-shirt/top
9983,8,Bag
9984,1,Trouser
9985,3,Dress
9986,1,Trouser
9987,7,Sneaker
9988,5,Sandal
9989,8,Bag
9990,4,Coat
9991,5,Sandal
9992,6,Shirt
9993,8,Bag
9994,9,Ankle boot
9995,1,Trouser
9996,9,Ankle boot
9997,1,Trouser
9998,8,Bag
9999,1,Trouser
10000,5,Sandal
